event,start,end,group,notes,category
NA,2023-10-03,2023-10-10,"SWP regular counts, CWT reading",Active,1
NA,2023-10-03,2023-10-10,SWP larval sampling,Not Active,4
NA,2023-10-03,2023-10-10,"CVP regular counts, CWT reading",Active,1
NA,2023-10-03,2023-10-10,CVP larval sampling,Not Active,4
NA,2023-10-03,2023-10-10,Smelt Larval Survey,Not Active,4
NA,2023-10-03,2023-10-10,LEPS,Not Active,4
NA,2023-10-03,2023-10-10,20mm Survey,Not Active,4
NA,2023-10-03,2023-10-10,Fall Mid-water Trawl,Active,1
NA,2023-10-03,2023-10-10,Summer Townet Survey,Not Active,4
NA,2023-10-03,2023-10-10,Bay Study,Active,1
NA,2023-10-03,2023-10-10,DJFMP- Chipps and Sacramento Trawls,Active,1
NA,2023-10-03,2023-10-10,DJFMP- Seines,Active,1
NA,2023-10-03,2023-10-10,EDSM,Active,1
NA,2023-10-03,2023-10-10,Environmental Monitoring Program (EMP),Active,1
NA,2023-10-03,2023-10-10,Mossdale Trawl,Active,1
NA,2023-10-03,2023-10-10,USGS Flow monitoring,Active,1
NA,2023-10-03,2023-10-10,Red Bluff Diversion Dam Rotary Screw Trap (RST),Active,1
NA,2023-10-03,2023-10-10,Knights Landing RST,Active (Monday-Friday),1
NA,2023-10-03,2023-10-10,Tisdale RST,Active,1
NA,2023-10-03,2023-10-10,GCID RST,Not Active,4
NA,2023-10-03,2023-10-10,Yuba River (Hallwood) RST,Not Active*,1
NA,2023-10-03,2023-10-10,Redd dewatering and stranding surveys,Not Active,4
NA,2023-10-03,2023-10-10,Sacramento Carcass and Redd Surveys (Late fall-run Chinook salmon),Active,1
NA,2023-10-03,2023-10-10,Lower Sacramento RST,Active,1
NA,2023-10-03,2023-10-10,Feather River (upper DWR) RST,Active,1
NA,2023-10-03,2023-10-10,Feather River (lower CDFW) RST,Active,1
NA,2023-10-03,2023-10-10,SJRRP CDFW Field Monitoring,Active,1
NA,2023-10-03,2023-10-10,SJRRP USBR Field Monitoring,Active,1
NA,2023-10-03,2023-10-10,Stanislaus Fish Weir,Active,1
NA,2023-10-03,2023-10-10,American River Carcass/Redd Surveys,Not Active,4
NA,2023-10-03,2023-10-10,Caswell RST,Active,1
NA,2023-10-03,2023-10-10,Wallace Weir,Not Active,4
NA,2023-10-03,2023-10-10,Butte Creek RST/Diversion Trap,Not Active/Active,1
NA,2023-10-10,2023-10-17,"SWP regular counts, CWT reading",Active,1
NA,2023-10-10,2023-10-17,SWP larval sampling,Not Active,4
NA,2023-10-10,2023-10-17,"CVP regular counts, CWT reading",Active,1
NA,2023-10-10,2023-10-17,CVP larval sampling,Not Active,4
NA,2023-10-10,2023-10-17,Smelt Larval Survey,Not Active,4
NA,2023-10-10,2023-10-17,LEPS,Not Active,4
NA,2023-10-10,2023-10-17,20mm Survey,Not Active,4
NA,2023-10-10,2023-10-17,Fall Mid-water Trawl,Active,1
NA,2023-10-10,2023-10-17,Summer Townet Survey,Not Active,4
NA,2023-10-10,2023-10-17,Bay Study,Active,1
NA,2023-10-10,2023-10-17,DJFMP- Chipps and Sacramento Trawls,Active,1
NA,2023-10-10,2023-10-17,DJFMP- Seines,Active,1
NA,2023-10-10,2023-10-17,EDSM,Active,1
NA,2023-10-10,2023-10-17,Environmental Monitoring Program (EMP),Active,1
NA,2023-10-10,2023-10-17,Mossdale Trawl,Active,1
NA,2023-10-10,2023-10-17,USGS Flow monitoring,Active,1
NA,2023-10-10,2023-10-17,Red Bluff Diversion Dam Rotary Screw Trap (RST),Active,1
NA,2023-10-10,2023-10-17,Knights Landing RST,Active (Monday-Friday),1
NA,2023-10-10,2023-10-17,Tisdale RST,Active,1
NA,2023-10-10,2023-10-17,GCID RST,Not Active,4
NA,2023-10-10,2023-10-17,Yuba River (Hallwood) RST,Not Active*,1
NA,2023-10-10,2023-10-17,Redd dewatering and stranding surveys,Not Active,4
NA,2023-10-10,2023-10-17,Sacramento Carcass and Redd Surveys (Late fall-run Chinook salmon),Active,1
NA,2023-10-10,2023-10-17,Lower Sacramento RST,Active,1
NA,2023-10-10,2023-10-17,Feather River (upper DWR) RST,Active,1
NA,2023-10-10,2023-10-17,Feather River (lower CDFW) RST,Active,1
NA,2023-10-10,2023-10-17,SJRRP CDFW Field Monitoring,Active,1
NA,2023-10-10,2023-10-17,SJRRP USBR Field Monitoring,Active,1
NA,2023-10-10,2023-10-17,Stanislaus Fish Weir,Active,1
NA,2023-10-10,2023-10-17,American River Carcass/Redd Surveys,Not Active,4
NA,2023-10-10,2023-10-17,Caswell RST,Active,1
NA,2023-10-10,2023-10-17,Wallace Weir,Not Active,4
NA,2023-10-10,2023-10-17,Butte Creek RST/Diversion Trap,Not Active/Active,1
NA,2023-10-17,2023-10-24,"SWP regular counts, CWT reading",Partial Interruption,2
NA,2023-10-17,2023-10-24,SWP larval sampling,Not Active,4
NA,2023-10-17,2023-10-24,"CVP regular counts, CWT reading",Active,1
NA,2023-10-17,2023-10-24,CVP larval sampling,Not Active,4
NA,2023-10-17,2023-10-24,Smelt Larval Survey,Not Active,4
NA,2023-10-17,2023-10-24,LEPS,Not Active,4
NA,2023-10-17,2023-10-24,20mm Survey,Not Active,4
NA,2023-10-17,2023-10-24,Fall Mid-water Trawl,Active,1
NA,2023-10-17,2023-10-24,Summer Townet Survey,Not Active,4
NA,2023-10-17,2023-10-24,Bay Study,Active,1
NA,2023-10-17,2023-10-24,DJFMP- Chipps and Sacramento Trawls,Active,1
NA,2023-10-17,2023-10-24,DJFMP- Seines,Active,1
NA,2023-10-17,2023-10-24,EDSM,Active,1
NA,2023-10-17,2023-10-24,Environmental Monitoring Program (EMP),Active,1
NA,2023-10-17,2023-10-24,Mossdale Trawl,Active,1
NA,2023-10-17,2023-10-24,USGS Flow monitoring,Active,1
NA,2023-10-17,2023-10-24,Red Bluff Diversion Dam Rotary Screw Trap (RST),Active,1
NA,2023-10-17,2023-10-24,Knights Landing RST,Active,1
NA,2023-10-17,2023-10-24,Tisdale RST,Active,1
NA,2023-10-17,2023-10-24,GCID RST,Not Active,4
NA,2023-10-17,2023-10-24,Yuba River (Hallwood) RST,Not Active*,1
NA,2023-10-17,2023-10-24,Redd dewatering and stranding surveys,Active,1
NA,2023-10-17,2023-10-24,Sacramento Carcass and Redd Surveys (Late fall-run Chinook salmon),Active,1
NA,2023-10-17,2023-10-24,Lower Sacramento RST,Active,1
NA,2023-10-17,2023-10-24,Feather River (upper DWR) RST,Active,1
NA,2023-10-17,2023-10-24,Feather River (lower CDFW) RST,Active,1
NA,2023-10-17,2023-10-24,SJRRP CDFW Field Monitoring,Active,1
NA,2023-10-17,2023-10-24,SJRRP USBR Field Monitoring,Active,1
NA,2023-10-17,2023-10-24,Stanislaus Fish Weir,Active,1
NA,2023-10-17,2023-10-24,American River Carcass/Redd Surveys,Active,1
NA,2023-10-17,2023-10-24,Caswell RST,Active,1
NA,2023-10-17,2023-10-24,Wallace Weir,Not Active,4
NA,2023-10-17,2023-10-24,Butte Creek RST/Diversion Trap,Not Active/Active,1
NA,2023-10-24,2023-10-31,"SWP regular counts, CWT reading",Active,1
NA,2023-10-24,2023-10-31,SWP larval sampling,Not Active,4
NA,2023-10-24,2023-10-31,"CVP regular counts, CWT reading",Active,1
NA,2023-10-24,2023-10-31,CVP larval sampling,Not Active,4
NA,2023-10-24,2023-10-31,Smelt Larval Survey,Not Active,4
NA,2023-10-24,2023-10-31,LEPS,Not Active,4
NA,2023-10-24,2023-10-31,20mm Survey,Not Active,4
NA,2023-10-24,2023-10-31,Fall Mid-water Trawl,Active,1
NA,2023-10-24,2023-10-31,Summer Townet Survey,Not Active,4
NA,2023-10-24,2023-10-31,Bay Study,Active,1
NA,2023-10-24,2023-10-31,DJFMP- Chipps and Sacramento Trawls,Active,1
NA,2023-10-24,2023-10-31,DJFMP- Seines,Active,1
NA,2023-10-24,2023-10-31,EDSM,Active,1
NA,2023-10-24,2023-10-31,Environmental Monitoring Program (EMP),Active,1
NA,2023-10-24,2023-10-31,Mossdale Trawl,Active,1
NA,2023-10-24,2023-10-31,USGS Flow monitoring,Active,1
NA,2023-10-24,2023-10-31,Red Bluff Diversion Dam Rotary Screw Trap (RST),Active,1
NA,2023-10-24,2023-10-31,Knights Landing RST,Active,1
NA,2023-10-24,2023-10-31,Tisdale RST,Active,1
NA,2023-10-24,2023-10-31,GCID RST,Not Active,4
NA,2023-10-24,2023-10-31,Yuba River (Hallwood) RST,Not Active*,1
NA,2023-10-24,2023-10-31,Redd dewatering and stranding surveys,Active,1
NA,2023-10-24,2023-10-31,Sacramento Carcass and Redd Surveys (Late fall-run Chinook salmon),Active,1
NA,2023-10-24,2023-10-31,Lower Sacramento RST,Active,1
NA,2023-10-24,2023-10-31,Feather River (upper DWR) RST,Active,1
NA,2023-10-24,2023-10-31,Feather River (lower CDFW) RST,Active,1
NA,2023-10-24,2023-10-31,SJRRP CDFW Field Monitoring,Active,1
NA,2023-10-24,2023-10-31,SJRRP USBR Field Monitoring,Active,1
NA,2023-10-24,2023-10-31,Stanislaus Fish Weir,Active,1
NA,2023-10-24,2023-10-31,American River Carcass/Redd Surveys,Active,1
NA,2023-10-24,2023-10-31,Caswell RST,Active,1
NA,2023-10-24,2023-10-31,Wallace Weir,Not Active,4
NA,2023-10-24,2023-10-31,Butte Creek RST/Diversion Trap,Not Active/Active,1
NA,2023-10-31,2023-11-07,"SWP regular counts, CWT reading",Active,1
NA,2023-10-31,2023-11-07,SWP larval sampling,Not Active,4
NA,2023-10-31,2023-11-07,"CVP regular counts, CWT reading",Active,1
NA,2023-10-31,2023-11-07,CVP larval sampling,Not Active,4
NA,2023-10-31,2023-11-07,Smelt Larval Survey,Not Active,4
NA,2023-10-31,2023-11-07,LEPS,Not Active,4
NA,2023-10-31,2023-11-07,20mm Survey,Not Active,4
NA,2023-10-31,2023-11-07,Fall Mid-water Trawl,Active,1
NA,2023-10-31,2023-11-07,Summer Townet Survey,Not Active,4
NA,2023-10-31,2023-11-07,Bay Study,Active,1
NA,2023-10-31,2023-11-07,DJFMP- Chipps and Sacramento Trawls,Active,1
NA,2023-10-31,2023-11-07,DJFMP- Seines,Active,1
NA,2023-10-31,2023-11-07,EDSM,Active,1
NA,2023-10-31,2023-11-07,Environmental Monitoring Program (EMP),Active,1
NA,2023-10-31,2023-11-07,Mossdale Trawl,Active,1
NA,2023-10-31,2023-11-07,USGS Flow monitoring,Active,1
NA,2023-10-31,2023-11-07,Red Bluff Diversion Dam Rotary Screw Trap (RST),Active,1
NA,2023-10-31,2023-11-07,Knights Landing RST,Active,1
NA,2023-10-31,2023-11-07,Tisdale RST,Active,1
NA,2023-10-31,2023-11-07,GCID RST,Not Active,4
NA,2023-10-31,2023-11-07,Yuba River (Hallwood) RST,Not Active*,1
NA,2023-10-31,2023-11-07,Redd dewatering and stranding surveys,Active,1
NA,2023-10-31,2023-11-07,Sacramento Carcass and Redd Surveys (Late fall-run Chinook salmon),Active,1
NA,2023-10-31,2023-11-07,Lower Sacramento RST,Active,1
NA,2023-10-31,2023-11-07,Feather River (upper DWR) RST,Not Active,4
NA,2023-10-31,2023-11-07,Feather River (lower CDFW) RST,Active,1
NA,2023-10-31,2023-11-07,SJRRP CDFW Field Monitoring,Active,1
NA,2023-10-31,2023-11-07,SJRRP USBR Field Monitoring,Active,1
NA,2023-10-31,2023-11-07,Stanislaus Fish Weir,Active,1
NA,2023-10-31,2023-11-07,American River Carcass/Redd Surveys,Active,1
NA,2023-10-31,2023-11-07,Caswell RST,Active,1
NA,2023-10-31,2023-11-07,Wallace Weir,Active,1
NA,2023-10-31,2023-11-07,Butte Creek RST/Diversion Trap,Not Active/Active,1
NA,2023-11-07,2023-11-14,"SWP regular counts, CWT reading",Active,1
NA,2023-11-07,2023-11-14,SWP larval sampling,Not Active,4
NA,2023-11-07,2023-11-14,"CVP regular counts, CWT reading",Active,1
NA,2023-11-07,2023-11-14,CVP larval sampling,Not Active,4
NA,2023-11-07,2023-11-14,Smelt Larval Survey,Not Active,4
NA,2023-11-07,2023-11-14,LEPS,Not Active,4
NA,2023-11-07,2023-11-14,20mm Survey,Not Active,4
NA,2023-11-07,2023-11-14,Fall Mid-water Trawl,Active,1
NA,2023-11-07,2023-11-14,Summer Townet Survey,Not Active,4
NA,2023-11-07,2023-11-14,Bay Study,Active,1
NA,2023-11-07,2023-11-14,DJFMP- Chipps and Sacramento Trawls,Active,1
NA,2023-11-07,2023-11-14,DJFMP- Seines,Active,1
NA,2023-11-07,2023-11-14,EDSM,Active,1
NA,2023-11-07,2023-11-14,Environmental Monitoring Program (EMP),Active,1
NA,2023-11-07,2023-11-14,Mossdale Trawl,Active,1
NA,2023-11-07,2023-11-14,USGS Flow monitoring,Active,1
NA,2023-11-07,2023-11-14,Red Bluff Diversion Dam Rotary Screw Trap (RST),Active,1
NA,2023-11-07,2023-11-14,Knights Landing RST,Active,1
NA,2023-11-07,2023-11-14,Tisdale RST,Active,1
NA,2023-11-07,2023-11-14,GCID RST,Not Active,4
NA,2023-11-07,2023-11-14,Yuba River (Hallwood) RST,Active,1
NA,2023-11-07,2023-11-14,Redd dewatering and stranding surveys,Active,1
NA,2023-11-07,2023-11-14,Sacramento Carcass and Redd Surveys (Late fall-run Chinook salmon),Active,1
NA,2023-11-07,2023-11-14,Lower Sacramento RST,Active,1
NA,2023-11-07,2023-11-14,Feather River (upper DWR) RST,Not Active,4
NA,2023-11-07,2023-11-14,Feather River (lower CDFW) RST,Active,1
NA,2023-11-07,2023-11-14,SJRRP CDFW Field Monitoring,Active,1
NA,2023-11-07,2023-11-14,SJRRP USBR Field Monitoring,Active,1
NA,2023-11-07,2023-11-14,Stanislaus Fish Weir,Active,1
NA,2023-11-07,2023-11-14,American River Carcass/Redd Surveys,Active,1
NA,2023-11-07,2023-11-14,Caswell RST,Not Active,4
NA,2023-11-07,2023-11-14,Wallace Weir,Active,1
NA,2023-11-07,2023-11-14,Butte Creek RST/Diversion Trap,Active,1
NA,2023-11-14,2023-11-21,"SWP regular counts, CWT reading",Active,1
NA,2023-11-14,2023-11-21,SWP larval sampling,Not Active,4
NA,2023-11-14,2023-11-21,"CVP regular counts, CWT reading",Active,1
NA,2023-11-14,2023-11-21,CVP larval sampling,Not Active,4
NA,2023-11-14,2023-11-21,Smelt Larval Survey,Not Active,4
NA,2023-11-14,2023-11-21,LEPS,Not Active,4
NA,2023-11-14,2023-11-21,20mm Survey,Not Active,4
NA,2023-11-14,2023-11-21,Fall Mid-water Trawl,Active,1
NA,2023-11-14,2023-11-21,Summer Townet Survey,Not Active,4
NA,2023-11-14,2023-11-21,Bay Study,Active,1
NA,2023-11-14,2023-11-21,DJFMP- Chipps and Sacramento Trawls,Active,1
NA,2023-11-14,2023-11-21,DJFMP- Seines,Active,1
NA,2023-11-14,2023-11-21,EDSM,Active,1
NA,2023-11-14,2023-11-21,Environmental Monitoring Program (EMP),Active,1
NA,2023-11-14,2023-11-21,Mossdale Trawl,Active,1
NA,2023-11-14,2023-11-21,USGS Flow monitoring,Active,1
NA,2023-11-14,2023-11-21,Red Bluff Diversion Dam Rotary Screw Trap (RST),Active,1
NA,2023-11-14,2023-11-21,Knights Landing RST,Active,1
NA,2023-11-14,2023-11-21,Tisdale RST,Active,1
NA,2023-11-14,2023-11-21,GCID RST,Not Active,4
NA,2023-11-14,2023-11-21,Yuba River (Hallwood) RST,Active,1
NA,2023-11-14,2023-11-21,Redd dewatering and stranding surveys,Active,1
NA,2023-11-14,2023-11-21,Sacramento Carcass and Redd Surveys (Late fall-run Chinook salmon),Active,1
NA,2023-11-14,2023-11-21,Lower Sacramento RST,Active,1
NA,2023-11-14,2023-11-21,Feather River (upper DWR) RST,Not Active,4
NA,2023-11-14,2023-11-21,Feather River (lower CDFW) RST,Active,1
NA,2023-11-14,2023-11-21,SJRRP CDFW Field Monitoring,Active,1
NA,2023-11-14,2023-11-21,SJRRP USBR Field Monitoring,Active,1
NA,2023-11-14,2023-11-21,Stanislaus Fish Weir,Active,1
NA,2023-11-14,2023-11-21,American River Carcass/Redd Surveys,Active,1
NA,2023-11-14,2023-11-21,Caswell RST,Not Active,4
NA,2023-11-14,2023-11-21,Wallace Weir,Active,1
NA,2023-11-14,2023-11-21,Butte Creek RST/Diversion Trap,Active,1
NA,2023-11-21,2023-11-28,"SWP regular counts, CWT reading",Active,1
NA,2023-11-21,2023-11-28,SWP larval sampling,Not Active,4
NA,2023-11-21,2023-11-28,"CVP regular counts, CWT reading",Active,1
NA,2023-11-21,2023-11-28,CVP larval sampling,Not Active,4
NA,2023-11-21,2023-11-28,Smelt Larval Survey,Not Active,4
NA,2023-11-21,2023-11-28,LEPS,Not Active,4
NA,2023-11-21,2023-11-28,20mm Survey,Not Active,4
NA,2023-11-21,2023-11-28,Fall Mid-water Trawl,Active,1
NA,2023-11-21,2023-11-28,Summer Townet Survey,Not Active,4
NA,2023-11-21,2023-11-28,Bay Study,Active,1
NA,2023-11-21,2023-11-28,DJFMP- Chipps and Sacramento Trawls,Active,1
NA,2023-11-21,2023-11-28,DJFMP- Seines,Active,1
NA,2023-11-21,2023-11-28,EDSM,Active,1
NA,2023-11-21,2023-11-28,Environmental Monitoring Program (EMP),Active,1
NA,2023-11-21,2023-11-28,Mossdale Trawl,Active,1
NA,2023-11-21,2023-11-28,USGS Flow monitoring,Active,1
NA,2023-11-21,2023-11-28,Red Bluff Diversion Dam Rotary Screw Trap (RST),Active,1
NA,2023-11-21,2023-11-28,Knights Landing RST,Active,1
NA,2023-11-21,2023-11-28,Tisdale RST,Active,1
NA,2023-11-21,2023-11-28,GCID RST,Not Active,4
NA,2023-11-21,2023-11-28,Yuba River (Hallwood) RST,Active,1
NA,2023-11-21,2023-11-28,Redd dewatering and stranding surveys,Active,1
NA,2023-11-21,2023-11-28,Sacramento Carcass and Redd Surveys (Late fall-run Chinook salmon),Active,1
NA,2023-11-21,2023-11-28,Lower Sacramento RST,Active,1
NA,2023-11-21,2023-11-28,Feather River (upper DWR) RST,Not Active,4
NA,2023-11-21,2023-11-28,Feather River (lower CDFW) RST,Active,1
NA,2023-11-21,2023-11-28,SJRRP CDFW Field Monitoring,Active,1
NA,2023-11-21,2023-11-28,SJRRP USBR Field Monitoring,Active,1
NA,2023-11-21,2023-11-28,Stanislaus Fish Weir,Active,1
NA,2023-11-21,2023-11-28,American River Carcass/Redd Surveys,Active,1
NA,2023-11-21,2023-11-28,Caswell RST,Not Active,4
NA,2023-11-21,2023-11-28,Wallace Weir,Active,1
NA,2023-11-21,2023-11-28,Butte Creek RST/Diversion Trap,Active,1
NA,2023-11-28,2023-12-05,"SWP regular counts, CWT reading",Active,1
NA,2023-11-28,2023-12-05,SWP larval sampling,Not Active,4
NA,2023-11-28,2023-12-05,"CVP regular counts, CWT reading",Active,1
NA,2023-11-28,2023-12-05,CVP larval sampling,Not Active,4
NA,2023-11-28,2023-12-05,Smelt Larval Survey,Not Active,4
NA,2023-11-28,2023-12-05,LEPS,Not Active,4
NA,2023-11-28,2023-12-05,20mm Survey,Not Active,4
NA,2023-11-28,2023-12-05,Fall Mid-water Trawl,Active,1
NA,2023-11-28,2023-12-05,Summer Townet Survey,Not Active,4
NA,2023-11-28,2023-12-05,Bay Study,Active,1
NA,2023-11-28,2023-12-05,DJFMP- Chipps and Sacramento Trawls,Active,1
NA,2023-11-28,2023-12-05,DJFMP- Seines,Active,1
NA,2023-11-28,2023-12-05,EDSM,Active,1
NA,2023-11-28,2023-12-05,Environmental Monitoring Program (EMP),Active,1
NA,2023-11-28,2023-12-05,Mossdale Trawl,Active,1
NA,2023-11-28,2023-12-05,USGS Flow monitoring,Active,1
NA,2023-11-28,2023-12-05,Red Bluff Diversion Dam Rotary Screw Trap (RST),Active,1
NA,2023-11-28,2023-12-05,Knights Landing RST,Active,1
NA,2023-11-28,2023-12-05,Tisdale RST,Active,1
NA,2023-11-28,2023-12-05,GCID RST,Not Active,4
NA,2023-11-28,2023-12-05,Yuba River (Hallwood) RST,Active,1
NA,2023-11-28,2023-12-05,Redd dewatering and stranding surveys,Active,1
NA,2023-11-28,2023-12-05,Sacramento Carcass and Redd Surveys (Late fall-run Chinook salmon),Active,1
NA,2023-11-28,2023-12-05,Lower Sacramento RST,Active,1
NA,2023-11-28,2023-12-05,Feather River (upper DWR) RST,Active,1
NA,2023-11-28,2023-12-05,Feather River (lower CDFW) RST,Active,1
NA,2023-11-28,2023-12-05,SJRRP CDFW Field Monitoring,Active,1
NA,2023-11-28,2023-12-05,SJRRP USBR Field Monitoring,Active,1
NA,2023-11-28,2023-12-05,Stanislaus Fish Weir,Active,1
NA,2023-11-28,2023-12-05,American River Carcass/Redd Surveys,Active,1
NA,2023-11-28,2023-12-05,Caswell RST,Not Active,4
NA,2023-11-28,2023-12-05,Wallace Weir,Active,1
NA,2023-11-28,2023-12-05,Butte Creek RST/Diversion Trap,Active,1
NA,2023-12-05,2023-12-12,"SWP regular counts, CWT reading",Active,1
NA,2023-12-05,2023-12-12,SWP larval sampling,Not Active,4
NA,2023-12-05,2023-12-12,"CVP regular counts, CWT reading",Active,1
NA,2023-12-05,2023-12-12,CVP larval sampling,Not Active,4
NA,2023-12-05,2023-12-12,Smelt Larval Survey,Active,1
NA,2023-12-05,2023-12-12,LEPS,Not Active,4
NA,2023-12-05,2023-12-12,20mm Survey,Not Active,4
NA,2023-12-05,2023-12-12,Fall Mid-water Trawl,Active,1
NA,2023-12-05,2023-12-12,Summer Townet Survey,Not Active,4
NA,2023-12-05,2023-12-12,Bay Study,Active,1
NA,2023-12-05,2023-12-12,DJFMP- Chipps and Sacramento Trawls,Active,1
NA,2023-12-05,2023-12-12,DJFMP- Seines,Active,1
NA,2023-12-05,2023-12-12,EDSM,Active,1
NA,2023-12-05,2023-12-12,Environmental Monitoring Program (EMP),Active,1
NA,2023-12-05,2023-12-12,Mossdale Trawl,Active,1
NA,2023-12-05,2023-12-12,USGS Flow monitoring,Active,1
NA,2023-12-05,2023-12-12,Red Bluff Diversion Dam Rotary Screw Trap (RST),Active,1
NA,2023-12-05,2023-12-12,Knights Landing RST,Active,1
NA,2023-12-05,2023-12-12,Tisdale RST,Active,1
NA,2023-12-05,2023-12-12,GCID RST,Not Active,4
NA,2023-12-05,2023-12-12,Yuba River (Hallwood) RST,Active,1
NA,2023-12-05,2023-12-12,Redd dewatering and stranding surveys,Active,1
NA,2023-12-05,2023-12-12,Sacramento Carcass and Redd Surveys (Late fall-run Chinook salmon),Active,1
NA,2023-12-05,2023-12-12,Lower Sacramento RST,Active,1
NA,2023-12-05,2023-12-12,Feather River (upper DWR) RST,Active,1
NA,2023-12-05,2023-12-12,Feather River (lower CDFW) RST,Active,1
NA,2023-12-05,2023-12-12,SJRRP CDFW Field Monitoring,Active,1
NA,2023-12-05,2023-12-12,SJRRP USBR Field Monitoring,Active,1
NA,2023-12-05,2023-12-12,Stanislaus Fish Weir,Active,1
NA,2023-12-05,2023-12-12,American River Carcass/Redd Surveys,Active,1
NA,2023-12-05,2023-12-12,Caswell RST,Not Active,4
NA,2023-12-05,2023-12-12,Wallace Weir,Active,1
NA,2023-12-05,2023-12-12,Butte Creek RST/Diversion Trap,Active,1
NA,2023-12-12,2023-12-19,"SWP regular counts, CWT reading",Active,1
NA,2023-12-12,2023-12-19,SWP larval sampling,Not Active,4
NA,2023-12-12,2023-12-19,"CVP regular counts, CWT reading",Active,1
NA,2023-12-12,2023-12-19,CVP larval sampling,Not Active,4
NA,2023-12-12,2023-12-19,Smelt Larval Survey,Active,1
NA,2023-12-12,2023-12-19,LEPS,Not Active,4
NA,2023-12-12,2023-12-19,20mm Survey,Not Active,4
NA,2023-12-12,2023-12-19,Fall Mid-water Trawl,Active,1
NA,2023-12-12,2023-12-19,Summer Townet Survey,Not Active,4
NA,2023-12-12,2023-12-19,Bay Study,Active,1
NA,2023-12-12,2023-12-19,DJFMP- Chipps and Sacramento Trawls,Active,1
NA,2023-12-12,2023-12-19,DJFMP- Seines,Active,1
NA,2023-12-12,2023-12-19,EDSM,Active,1
NA,2023-12-12,2023-12-19,Environmental Monitoring Program (EMP),Active,1
NA,2023-12-12,2023-12-19,Mossdale Trawl,Active,1
NA,2023-12-12,2023-12-19,USGS Flow monitoring,Active,1
NA,2023-12-12,2023-12-19,Red Bluff Diversion Dam Rotary Screw Trap (RST),Active,1
NA,2023-12-12,2023-12-19,Knights Landing RST,Active,1
NA,2023-12-12,2023-12-19,Tisdale RST,Active,1
NA,2023-12-12,2023-12-19,GCID RST,Not Active,4
NA,2023-12-12,2023-12-19,Yuba River (Hallwood) RST,Active,1
NA,2023-12-12,2023-12-19,Redd dewatering and stranding surveys,Active,1
NA,2023-12-12,2023-12-19,Sacramento Carcass and Redd Surveys (Late fall-run Chinook salmon),Active,1
NA,2023-12-12,2023-12-19,Lower Sacramento RST,Active,1
NA,2023-12-12,2023-12-19,Feather River (upper DWR) RST,Active,1
NA,2023-12-12,2023-12-19,Feather River (lower CDFW) RST,Active,1
NA,2023-12-12,2023-12-19,SJRRP CDFW Field Monitoring,Active,1
NA,2023-12-12,2023-12-19,SJRRP USBR Field Monitoring,Active,1
NA,2023-12-12,2023-12-19,Stanislaus Fish Weir,Active,1
NA,2023-12-12,2023-12-19,American River Carcass/Redd Surveys,Active,1
NA,2023-12-12,2023-12-19,Caswell RST,Not Active,4
NA,2023-12-12,2023-12-19,Wallace Weir,Active,1
NA,2023-12-12,2023-12-19,Butte Creek RST/Diversion Trap,Active,1
NA,2023-12-19,2023-12-26,"SWP regular counts, CWT reading",Active,1
NA,2023-12-19,2023-12-26,SWP larval sampling,Not Active,4
NA,2023-12-19,2023-12-26,"CVP regular counts, CWT reading",Active,1
NA,2023-12-19,2023-12-26,CVP larval sampling,Not Active,4
NA,2023-12-19,2023-12-26,Smelt Larval Survey,Active,1
NA,2023-12-19,2023-12-26,LEPS,Not Active,4
NA,2023-12-19,2023-12-26,20mm Survey,Not Active,4
NA,2023-12-19,2023-12-26,Fall Mid-water Trawl,Not Active,4
NA,2023-12-19,2023-12-26,Summer Townet Survey,Not Active,4
NA,2023-12-19,2023-12-26,Bay Study,Active,1
NA,2023-12-19,2023-12-26,DJFMP- Chipps and Sacramento Trawls,Active,1
NA,2023-12-19,2023-12-26,DJFMP- Seines,Active,1
NA,2023-12-19,2023-12-26,EDSM,Active,1
NA,2023-12-19,2023-12-26,Environmental Monitoring Program (EMP),Active,1
NA,2023-12-19,2023-12-26,Mossdale Trawl,Active,1
NA,2023-12-19,2023-12-26,USGS Flow monitoring,Active,1
NA,2023-12-19,2023-12-26,Red Bluff Diversion Dam Rotary Screw Trap (RST),Active,1
NA,2023-12-19,2023-12-26,Knights Landing RST,Active,1
NA,2023-12-19,2023-12-26,Tisdale RST,Active,1
NA,2023-12-19,2023-12-26,GCID RST,Not Active,4
NA,2023-12-19,2023-12-26,Yuba River (Hallwood) RST,Active,1
NA,2023-12-19,2023-12-26,Redd dewatering and stranding surveys,Active,1
NA,2023-12-19,2023-12-26,Sacramento Carcass and Redd Surveys (Late fall-run Chinook salmon),Active,1
NA,2023-12-19,2023-12-26,Lower Sacramento RST,Active,1
NA,2023-12-19,2023-12-26,Feather River (upper DWR) RST,Active,1
NA,2023-12-19,2023-12-26,Feather River (lower CDFW) RST,Active,1
NA,2023-12-19,2023-12-26,SJRRP CDFW Field Monitoring,Active,1
NA,2023-12-19,2023-12-26,SJRRP USBR Field Monitoring,Active,1
NA,2023-12-19,2023-12-26,Stanislaus Fish Weir,Active,1
NA,2023-12-19,2023-12-26,American River Carcass/Redd Surveys,Active,1
NA,2023-12-19,2023-12-26,Caswell RST,Not Active,4
NA,2023-12-19,2023-12-26,Wallace Weir,Active,1
NA,2023-12-19,2023-12-26,Butte Creek RST/Diversion Trap,Active,1
NA,2023-12-26,2024-01-02,"SWP regular counts, CWT reading",Active,1
NA,2023-12-26,2024-01-02,SWP larval sampling,Not Active,4
NA,2023-12-26,2024-01-02,"CVP regular counts, CWT reading",Active,1
NA,2023-12-26,2024-01-02,CVP larval sampling,Not Active,4
NA,2023-12-26,2024-01-02,Smelt Larval Survey,Active,1
NA,2023-12-26,2024-01-02,LEPS,Active,1
NA,2023-12-26,2024-01-02,20mm Survey,Not Active,4
NA,2023-12-26,2024-01-02,Fall Mid-water Trawl,Not Active,4
NA,2023-12-26,2024-01-02,Summer Townet Survey,Not Active,4
NA,2023-12-26,2024-01-02,Bay Study,Active,1
NA,2023-12-26,2024-01-02,DJFMP- Chipps and Sacramento Trawls,Active,1
NA,2023-12-26,2024-01-02,DJFMP- Seines,Active,1
NA,2023-12-26,2024-01-02,EDSM,Active,1
NA,2023-12-26,2024-01-02,Environmental Monitoring Program (EMP),Active,1
NA,2023-12-26,2024-01-02,Mossdale Trawl,Active,1
NA,2023-12-26,2024-01-02,USGS Flow monitoring,Active,1
NA,2023-12-26,2024-01-02,Red Bluff Diversion Dam Rotary Screw Trap (RST),Active,1
NA,2023-12-26,2024-01-02,Knights Landing RST,Active,1
NA,2023-12-26,2024-01-02,Tisdale RST,Active,1
NA,2023-12-26,2024-01-02,GCID RST,Not Active,4
NA,2023-12-26,2024-01-02,Yuba River (Hallwood) RST,Active,1
NA,2023-12-26,2024-01-02,Redd dewatering and stranding surveys,Active,1
NA,2023-12-26,2024-01-02,Sacramento Carcass and Redd Surveys (Late fall-run Chinook salmon),Active,1
NA,2023-12-26,2024-01-02,Lower Sacramento RST,Active,1
NA,2023-12-26,2024-01-02,Feather River (upper DWR) RST,Active,1
NA,2023-12-26,2024-01-02,Feather River (lower CDFW) RST,Active,1
NA,2023-12-26,2024-01-02,SJRRP CDFW Field Monitoring,Active,1
NA,2023-12-26,2024-01-02,SJRRP USBR Field Monitoring,Active,1
NA,2023-12-26,2024-01-02,Stanislaus Fish Weir,Active,1
NA,2023-12-26,2024-01-02,American River Carcass/Redd Surveys,Active,1
NA,2023-12-26,2024-01-02,Caswell RST,Not Active,4
NA,2023-12-26,2024-01-02,Wallace Weir,Active,1
NA,2023-12-26,2024-01-02,Butte Creek RST/Diversion Trap,Active,1
NA,2024-01-02,2024-01-09,"SWP regular counts, CWT reading",Active,1
NA,2024-01-02,2024-01-09,SWP larval sampling,Not Active,4
NA,2024-01-02,2024-01-09,"CVP regular counts, CWT reading",Active,1
NA,2024-01-02,2024-01-09,CVP larval sampling,Not Active,4
NA,2024-01-02,2024-01-09,Smelt Larval Survey,Active,1
NA,2024-01-02,2024-01-09,LEPS,Active,1
NA,2024-01-02,2024-01-09,20mm Survey,Not Active,4
NA,2024-01-02,2024-01-09,Fall Mid-water Trawl,Not Active,4
NA,2024-01-02,2024-01-09,Summer Townet Survey,Not Active,4
NA,2024-01-02,2024-01-09,Bay Study,Active,1
NA,2024-01-02,2024-01-09,DJFMP- Chipps and Sacramento Trawls,Active,1
NA,2024-01-02,2024-01-09,DJFMP- Seines,Active,1
NA,2024-01-02,2024-01-09,EDSM,Active,1
NA,2024-01-02,2024-01-09,Environmental Monitoring Program (EMP),Active,1
NA,2024-01-02,2024-01-09,Mossdale Trawl,Active,1
NA,2024-01-02,2024-01-09,USGS Flow monitoring,Active,1
NA,2024-01-02,2024-01-09,Red Bluff Diversion Dam Rotary Screw Trap (RST),Active,1
NA,2024-01-02,2024-01-09,Knights Landing RST,Active,1
NA,2024-01-02,2024-01-09,Tisdale RST,Active,1
NA,2024-01-02,2024-01-09,Yuba River (Hallwood) RST,Active,1
NA,2024-01-02,2024-01-09,Redd dewatering and stranding surveys,Active,1
NA,2024-01-02,2024-01-09,Sacramento Carcass and Redd Surveys (Late fall-run Chinook salmon),Active,1
NA,2024-01-02,2024-01-09,Lower Sacramento RST,Active,1
NA,2024-01-02,2024-01-09,Feather River (upper DWR) RST,Active,1
NA,2024-01-02,2024-01-09,Feather River (lower CDFW) RST,Active,1
NA,2024-01-02,2024-01-09,SJRRP CDFW Field Monitoring,Active,1
NA,2024-01-02,2024-01-09,SJRRP USBR Field Monitoring,Active,1
NA,2024-01-02,2024-01-09,Stanislaus Fish Weir,Active,1
NA,2024-01-02,2024-01-09,American River Carcass/Redd Surveys,Active,1
NA,2024-01-02,2024-01-09,Caswell RST,Not Active,4
NA,2024-01-02,2024-01-09,Wallace Weir,Active,1
NA,2024-01-02,2024-01-09,Butte Creek RST/Diversion Trap,Active,1
NA,2024-01-09,2024-01-16,"SWP regular counts, CWT reading",Active,1
NA,2024-01-09,2024-01-16,SWP larval sampling,Not Active,4
NA,2024-01-09,2024-01-16,"CVP regular counts, CWT reading",Active,1
NA,2024-01-09,2024-01-16,CVP larval sampling,Not Active,4
NA,2024-01-09,2024-01-16,Smelt Larval Survey,Active,1
NA,2024-01-09,2024-01-16,LEPS,Active,1
NA,2024-01-09,2024-01-16,20mm Survey,Not Active,4
NA,2024-01-09,2024-01-16,Fall Mid-water Trawl,Not Active,4
NA,2024-01-09,2024-01-16,Summer Townet Survey,Not Active,4
NA,2024-01-09,2024-01-16,Bay Study,Active,1
NA,2024-01-09,2024-01-16,DJFMP- Chipps and Sacramento Trawls,Active,1
NA,2024-01-09,2024-01-16,DJFMP- Seines,Active,1
NA,2024-01-09,2024-01-16,EDSM,Active,1
NA,2024-01-09,2024-01-16,Environmental Monitoring Program (EMP),Active,1
NA,2024-01-09,2024-01-16,Mossdale Trawl,Active,1
NA,2024-01-09,2024-01-16,USGS Flow monitoring,Active,1
NA,2024-01-09,2024-01-16,Red Bluff Diversion Dam Rotary Screw Trap (RST),Active,1
NA,2024-01-09,2024-01-16,Knights Landing RST,Active,1
NA,2024-01-09,2024-01-16,Tisdale RST,Active,1
NA,2024-01-09,2024-01-16,Yuba River (Hallwood) RST,Active,1
NA,2024-01-09,2024-01-16,Redd dewatering and stranding surveys,Active,1
NA,2024-01-09,2024-01-16,Sacramento Carcass and Redd Surveys (Late fall-run Chinook salmon),Active,1
NA,2024-01-09,2024-01-16,Lower Sacramento RST,Active,1
NA,2024-01-09,2024-01-16,Feather River (upper DWR) RST,Active,1
NA,2024-01-09,2024-01-16,Feather River (lower CDFW) RST,Active,1
NA,2024-01-09,2024-01-16,SJRRP CDFW Field Monitoring,Active,1
NA,2024-01-09,2024-01-16,SJRRP USBR Field Monitoring,Active,1
NA,2024-01-09,2024-01-16,Stanislaus Fish Weir,Active,1
NA,2024-01-09,2024-01-16,American River Carcass/Redd Surveys,Active,1
NA,2024-01-09,2024-01-16,Caswell RST,Active,1
NA,2024-01-09,2024-01-16,Wallace Weir,Active,1
NA,2024-01-09,2024-01-16,Butte Creek RST/Diversion Trap,Active,1
NA,2024-01-16,2024-01-23,"SWP regular counts, CWT reading",Active,1
NA,2024-01-16,2024-01-23,SWP larval sampling,Not Active,4
NA,2024-01-16,2024-01-23,"CVP regular counts, CWT reading",Partially interrupted (1/24),2
NA,2024-01-16,2024-01-23,CVP larval sampling,Not Active,4
NA,2024-01-16,2024-01-23,Smelt Larval Survey,Active,1
NA,2024-01-16,2024-01-23,LEPS,Active,1
NA,2024-01-16,2024-01-23,20mm Survey,Not Active,4
NA,2024-01-16,2024-01-23,Fall Mid-water Trawl,Not Active,4
NA,2024-01-16,2024-01-23,Summer Townet Survey,Not Active,4
NA,2024-01-16,2024-01-23,Bay Study,Active,1
NA,2024-01-16,2024-01-23,DJFMP- Chipps and Sacramento Trawls,Active,1
NA,2024-01-16,2024-01-23,DJFMP- Seines,Active,1
NA,2024-01-16,2024-01-23,EDSM,Active,1
NA,2024-01-16,2024-01-23,Environmental Monitoring Program (EMP),Active,1
NA,2024-01-16,2024-01-23,Mossdale Trawl,Active,1
NA,2024-01-16,2024-01-23,USGS Flow monitoring,Active,1
NA,2024-01-16,2024-01-23,Red Bluff Diversion Dam Rotary Screw Trap (RST),Active,1
NA,2024-01-16,2024-01-23,Knights Landing RST,Active,1
NA,2024-01-16,2024-01-23,Tisdale RST,Active,1
NA,2024-01-16,2024-01-23,Yuba River (Hallwood) RST,Active,1
NA,2024-01-16,2024-01-23,Redd dewatering and stranding surveys,Active,1
NA,2024-01-16,2024-01-23,Sacramento Carcass and Redd Surveys (Late fall-run Chinook salmon),Active,1
NA,2024-01-16,2024-01-23,Lower Sacramento RST,Partially Interrupted (Inactive due to high flows from 1/14/24-1/15/24),2
NA,2024-01-16,2024-01-23,Feather River (upper DWR) RST,Active,1
NA,2024-01-16,2024-01-23,Feather River (lower CDFW) RST,Active,1
NA,2024-01-16,2024-01-23,SJRRP CDFW Field Monitoring,Active,1
NA,2024-01-16,2024-01-23,SJRRP USBR Field Monitoring,Active,1
NA,2024-01-16,2024-01-23,Stanislaus Fish Weir,Active,1
NA,2024-01-16,2024-01-23,American River Carcass/Redd Surveys (Fall-run Chinook salmon),Active,1
NA,2024-01-16,2024-01-23,Stanislaus Carcass Survey (Steelhead/Fall-run Chinook salmon),Active,1
NA,2024-01-16,2024-01-23,Caswell RST,Active,1
NA,2024-01-16,2024-01-23,Wallace Weir,Active,1
NA,2024-01-16,2024-01-23,Butte Creek RST/Diversion Trap,Active,1
NA,2024-01-23,2024-01-30,"SWP regular counts, CWT reading",Active,1
NA,2024-01-23,2024-01-30,SWP larval sampling,Not Active,4
NA,2024-01-23,2024-01-30,"CVP regular counts, CWT reading",Active,1
NA,2024-01-23,2024-01-30,CVP larval sampling,Not Active,4
NA,2024-01-23,2024-01-30,Smelt Larval Survey,Active,1
NA,2024-01-23,2024-01-30,LEPS,Active,1
NA,2024-01-23,2024-01-30,20mm Survey,Not Active,4
NA,2024-01-23,2024-01-30,Fall Mid-water Trawl,Not Active,4
NA,2024-01-23,2024-01-30,Summer Townet Survey,Not Active,4
NA,2024-01-23,2024-01-30,Bay Study,Active,1
NA,2024-01-23,2024-01-30,DJFMP- Chipps and Sacramento Trawls,Active,1
NA,2024-01-23,2024-01-30,DJFMP- Seines,Active,1
NA,2024-01-23,2024-01-30,EDSM,Active,1
NA,2024-01-23,2024-01-30,Environmental Monitoring Program (EMP),Active,1
NA,2024-01-23,2024-01-30,Mossdale Trawl,Active,1
NA,2024-01-23,2024-01-30,USGS Flow monitoring,Active,1
NA,2024-01-23,2024-01-30,Red Bluff Diversion Dam Rotary Screw Trap (RST),Active,1
NA,2024-01-23,2024-01-30,Knights Landing RST,Active,1
NA,2024-01-23,2024-01-30,Tisdale RST,Active,1
NA,2024-01-23,2024-01-30,Yuba River (Hallwood) RST,Active,1
NA,2024-01-23,2024-01-30,Redd dewatering and stranding surveys,Active,1
NA,2024-01-23,2024-01-30,Sacramento Carcass and Redd Surveys (Late fall-run Chinook salmon),Active,1
NA,2024-01-23,2024-01-30,Lower Sacramento RST,Partially Interrupted (Inactive due to high flows from 1/21/24-1/29/24),2
NA,2024-01-23,2024-01-30,Feather River (upper DWR) RST,Active,1
NA,2024-01-23,2024-01-30,Feather River (lower CDFW) RST,Active,1
NA,2024-01-23,2024-01-30,Lower American River at Watt Ave RST,Active,1
NA,2024-01-23,2024-01-30,SJRRP CDFW Field Monitoring,Active,1
NA,2024-01-23,2024-01-30,SJRRP USBR Field Monitoring,Active,1
NA,2024-01-23,2024-01-30,Stanislaus Fish Weir,Active,1
NA,2024-01-23,2024-01-30,American River Carcass/Redd Surveys (Fall-run Chinook salmon),Not Active,4
NA,2024-01-23,2024-01-30,Stanislaus Carcass Survey (Steelhead),Active,1
NA,2024-01-23,2024-01-30,Caswell RST,Active,1
NA,2024-01-23,2024-01-30,Wallace Weir,Active,1
NA,2024-01-23,2024-01-30,Butte Creek RST/Diversion Trap,Active,1
NA,2024-01-30,2024-02-06,"SWP regular counts, CWT reading",Active,1
NA,2024-01-30,2024-02-06,SWP larval sampling,Not Active (Will begin 2/26),4
NA,2024-01-30,2024-02-06,"CVP regular counts, CWT reading",Active,1
NA,2024-01-30,2024-02-06,CVP larval sampling,Not Active (Will begin 2/20),4
NA,2024-01-30,2024-02-06,Smelt Larval Survey,Active,1
NA,2024-01-30,2024-02-06,LEPS,Active,1
NA,2024-01-30,2024-02-06,20mm Survey,Not Active,4
NA,2024-01-30,2024-02-06,Fall Mid-water Trawl,Not Active,4
NA,2024-01-30,2024-02-06,Summer Townet Survey,Not Active,4
NA,2024-01-30,2024-02-06,Bay Study,Active,1
NA,2024-01-30,2024-02-06,DJFMP- Chipps and Sacramento Trawls,Active,1
NA,2024-01-30,2024-02-06,DJFMP- Seines,Active,1
NA,2024-01-30,2024-02-06,EDSM,Active,1
NA,2024-01-30,2024-02-06,Environmental Monitoring Program (EMP),Active,1
NA,2024-01-30,2024-02-06,Mossdale Trawl,Active,1
NA,2024-01-30,2024-02-06,USGS Flow monitoring,Active,1
NA,2024-01-30,2024-02-06,Red Bluff Diversion Dam Rotary Screw Trap (RST),Active,1
NA,2024-01-30,2024-02-06,Knights Landing RST,Partially Interrupted (Inactive due to high flows from 1/30/24 - 2/5/24),2
NA,2024-01-30,2024-02-06,Tisdale RST,Partially Interrupted (Inactive due to high flows from 2/1/24 - 2/2/24),2
NA,2024-01-30,2024-02-06,Yuba River (Hallwood) RST,Active,1
NA,2024-01-30,2024-02-06,Redd dewatering and stranding surveys,Active,1
NA,2024-01-30,2024-02-06,Sacramento Carcass and Redd Surveys (Late fall-run Chinook salmon),Active,1
NA,2024-01-30,2024-02-06,Lower Sacramento RST,Partially Interrupted (Inactive due to high flows from 1/31/24-2/5/24),2
NA,2024-01-30,2024-02-06,Feather River (upper DWR) RST,Active,1
NA,2024-01-30,2024-02-06,Feather River (lower CDFW) RST,Active,1
NA,2024-01-30,2024-02-06,Lower American River at Watt Ave RST,Active,1
NA,2024-01-30,2024-02-06,SJRRP CDFW Field Monitoring,Active,1
NA,2024-01-30,2024-02-06,SJRRP USBR Field Monitoring,Active,1
NA,2024-01-30,2024-02-06,Stanislaus Fish Weir,Active,1
NA,2024-01-30,2024-02-06,American River Carcass/Redd Surveys (Fall-run Chinook salmon),Not Active,4
NA,2024-01-30,2024-02-06,Stanislaus Carcass Survey (Steelhead),Active,1
NA,2024-01-30,2024-02-06,Caswell RST,Active,1
NA,2024-01-30,2024-02-06,Wallace Weir,Active,1
NA,2024-01-30,2024-02-06,Butte Creek RST/Diversion Trap,Active,1
NA,2024-02-06,2024-02-13,"SWP regular counts, CWT reading",Active,1
NA,2024-02-06,2024-02-13,SWP larval sampling,Not Active (Will begin 2/26),4
NA,2024-02-06,2024-02-13,"CVP regular counts, CWT reading",Active,1
NA,2024-02-06,2024-02-13,CVP larval sampling,Not Active (Will begin 2/20),4
NA,2024-02-06,2024-02-13,Smelt Larval Survey,Active,1
NA,2024-02-06,2024-02-13,LEPS,Active,1
NA,2024-02-06,2024-02-13,20mm Survey,Not Active,4
NA,2024-02-06,2024-02-13,Fall Mid-water Trawl,Not Active,4
NA,2024-02-06,2024-02-13,Summer Townet Survey,Not Active,4
NA,2024-02-06,2024-02-13,Bay Study,Active,1
NA,2024-02-06,2024-02-13,DJFMP- Chipps and Sacramento Trawls,Active,1
NA,2024-02-06,2024-02-13,DJFMP- Seines,Active,1
NA,2024-02-06,2024-02-13,EDSM,Active,1
NA,2024-02-06,2024-02-13,Environmental Monitoring Program (EMP),Active,1
NA,2024-02-06,2024-02-13,Mossdale Trawl,Active,1
NA,2024-02-06,2024-02-13,USGS Flow monitoring,Active,1
NA,2024-02-06,2024-02-13,Red Bluff Diversion Dam Rotary Screw Trap (RST),Active,1
NA,2024-02-06,2024-02-13,Knights Landing RST,Active (Inactive due to high flows from 1/31/24 - 2//24),1
NA,2024-02-06,2024-02-13,Tisdale RST,Active(Inactive due to high flows from 2/6/24 - 2/8/24),1
NA,2024-02-06,2024-02-13,Yuba River (Hallwood) RST,Active,1
NA,2024-02-06,2024-02-13,Redd dewatering and stranding surveys,Active,1
NA,2024-02-06,2024-02-13,Sacramento Carcass and Redd Surveys (Late fall-run Chinook salmon),Active,1
NA,2024-02-06,2024-02-13,Lower Sacramento RST,Active  (Inactive due to high flows from (2/5/24-2/6/24 and only trapping during the day and raising cones at night,1
NA,2024-02-06,2024-02-13,Feather River (upper DWR) RST,Active,1
NA,2024-02-06,2024-02-13,Feather River (lower CDFW) RST,Active (Fishing at half cone),1
NA,2024-02-06,2024-02-13,Lower American River at Watt Ave RST,Active,1
NA,2024-02-06,2024-02-13,SJRRP CDFW Field Monitoring,Active,1
NA,2024-02-06,2024-02-13,SJRRP USBR Field Monitoring,Active,1
NA,2024-02-06,2024-02-13,Stanislaus Fish Weir,Active,1
NA,2024-02-06,2024-02-13,American River Carcass/Redd Surveys (Fall-run Chinook salmon),Not Active,4
NA,2024-02-06,2024-02-13,Stanislaus Carcass Survey (Steelhead),Active,1
NA,2024-02-06,2024-02-13,Caswell RST,Active,1
NA,2024-02-06,2024-02-13,Wallace Weir,Active,1
NA,2024-02-06,2024-02-13,Butte Creek RST/Diversion Trap,Active,1
NA,2024-02-13,2024-02-20,"SWP regular counts, CWT reading",Active,1
NA,2024-02-13,2024-02-20,SWP larval sampling,Not Active (Will begin 2/26),4
NA,2024-02-13,2024-02-20,"CVP regular counts, CWT reading",Active,1
NA,2024-02-13,2024-02-20,CVP larval sampling,Active,1
NA,2024-02-13,2024-02-20,Smelt Larval Survey,Active,1
NA,2024-02-13,2024-02-20,LEPS,Active,1
NA,2024-02-13,2024-02-20,20mm Survey,Not Active,4
NA,2024-02-13,2024-02-20,Fall Mid-water Trawl,Not Active,4
NA,2024-02-13,2024-02-20,Summer Townet Survey,Not Active,4
NA,2024-02-13,2024-02-20,Bay Study,Active,1
NA,2024-02-13,2024-02-20,DJFMP- Chipps and Sacramento Trawls,Not active (will restart next week),4
NA,2024-02-13,2024-02-20,DJFMP- Seines,Not active (will restart next week),4
NA,2024-02-13,2024-02-20,EDSM,Not active (will restart next week),4
NA,2024-02-13,2024-02-20,Environmental Monitoring Program (EMP),Active,1
NA,2024-02-13,2024-02-20,Mossdale Trawl,Active,1
NA,2024-02-13,2024-02-20,USGS Flow monitoring,Active,1
NA,2024-02-13,2024-02-20,Red Bluff Diversion Dam Rotary Screw Trap (RST),Active,1
NA,2024-02-13,2024-02-20,Knights Landing RST,Active,1
NA,2024-02-13,2024-02-20,Tisdale RST,Active,1
NA,2024-02-13,2024-02-20,Yuba River (Hallwood) RST,Active,1
NA,2024-02-13,2024-02-20,Redd dewatering and stranding surveys,Active,1
NA,2024-02-13,2024-02-20,Sacramento Carcass and Redd Surveys (Late fall-run Chinook salmon),Active,1
NA,2024-02-13,2024-02-20,Lower Sacramento RST,Active (Inactive on 2/19),1
NA,2024-02-13,2024-02-20,Feather River (upper DWR) RST,Active,1
NA,2024-02-13,2024-02-20,Feather River (lower CDFW) RST,Not Active,4
NA,2024-02-13,2024-02-20,Lower American River at Watt Ave RST,Active (Inactive 2/6 - 2/15 due to heavy debris),1
NA,2024-02-13,2024-02-20,SJRRP CDFW Field Monitoring,Active,1
NA,2024-02-13,2024-02-20,SJRRP USBR Field Monitoring,Active,1
NA,2024-02-13,2024-02-20,Stanislaus Fish Weir,Active,1
NA,2024-02-13,2024-02-20,American River Carcass/Redd Surveys (Fall-run Chinook salmon),Not Active,4
NA,2024-02-13,2024-02-20,Stanislaus Carcass Survey (Steelhead),Active,1
NA,2024-02-13,2024-02-20,Caswell RST,Active,1
NA,2024-02-13,2024-02-20,Wallace Weir,Active,1
NA,2024-02-13,2024-02-20,Butte Creek RST/Diversion Trap,Active,1
NA,2024-02-20,2024-02-27,"SWP regular counts, CWT reading",Active,1
NA,2024-02-20,2024-02-27,SWP larval sampling,Not Active (Will begin 3/11),4
NA,2024-02-20,2024-02-27,"CVP regular counts, CWT reading",Active,1
NA,2024-02-20,2024-02-27,CVP larval sampling,Active,1
NA,2024-02-20,2024-02-27,Smelt Larval Survey,Active,1
NA,2024-02-20,2024-02-27,LEPS,Active,1
NA,2024-02-20,2024-02-27,20mm Survey,Not Active,4
NA,2024-02-20,2024-02-27,Fall Mid-water Trawl,Not Active,4
NA,2024-02-20,2024-02-27,Summer Townet Survey,Not Active,4
NA,2024-02-20,2024-02-27,Bay Study,Active,1
NA,2024-02-20,2024-02-27,DJFMP- Chipps and Sacramento Trawls,Active,1
NA,2024-02-20,2024-02-27,DJFMP- Seines,Active,1
NA,2024-02-20,2024-02-27,EDSM,Active,1
NA,2024-02-20,2024-02-27,Environmental Monitoring Program (EMP),Active,1
NA,2024-02-20,2024-02-27,Mossdale Trawl,Active,1
NA,2024-02-20,2024-02-27,USGS Flow monitoring,Active,1
NA,2024-02-20,2024-02-27,Red Bluff Diversion Dam Rotary Screw Trap (RST),Active,1
NA,2024-02-20,2024-02-27,Knights Landing RST,Active,1
NA,2024-02-20,2024-02-27,Tisdale RST,Active,1
NA,2024-02-20,2024-02-27,Yuba River (Hallwood) RST,Active,1
NA,2024-02-20,2024-02-27,Redd dewatering and stranding surveys,Active,1
NA,2024-02-20,2024-02-27,Sacramento Carcass and Redd Surveys (Late fall-run Chinook salmon),Active,1
NA,2024-02-20,2024-02-27,Lower Sacramento RST,Active,1
NA,2024-02-20,2024-02-27,Feather River (upper DWR) RST,Active,1
NA,2024-02-20,2024-02-27,Feather River (lower CDFW) RST,Active,1
NA,2024-02-20,2024-02-27,Lower American River at Watt Ave RST,Not Active (as of 2/18 due to heavy debris),4
NA,2024-02-20,2024-02-27,SJRRP CDFW Field Monitoring,Active,1
NA,2024-02-20,2024-02-27,SJRRP USBR Field Monitoring,Active,1
NA,2024-02-20,2024-02-27,Stanislaus Fish Weir,Active,1
NA,2024-02-20,2024-02-27,American River Carcass/Redd Surveys (Fall-run Chinook salmon),Not Active,4
NA,2024-02-20,2024-02-27,Stanislaus Carcass Survey (Steelhead),Active,1
NA,2024-02-20,2024-02-27,Caswell RST,Active,1
NA,2024-02-20,2024-02-27,Wallace Weir,Active,1
NA,2024-02-20,2024-02-27,Butte Creek RST/Diversion Trap,Active,1
NA,2024-02-27,2024-03-05,"SWP regular counts, CWT reading",Active,1
NA,2024-02-27,2024-03-05,SWP larval sampling,Not Active (Will begin 3/11),4
NA,2024-02-27,2024-03-05,"CVP regular counts, CWT reading",Active,1
NA,2024-02-27,2024-03-05,CVP larval sampling,Active,1
NA,2024-02-27,2024-03-05,Smelt Larval Survey,Active,1
NA,2024-02-27,2024-03-05,LEPS,Active,1
NA,2024-02-27,2024-03-05,20mm Survey,Not Active,4
NA,2024-02-27,2024-03-05,Fall Mid-water Trawl,Not Active,4
NA,2024-02-27,2024-03-05,Summer Townet Survey,Not Active,4
NA,2024-02-27,2024-03-05,Bay Study,Active,1
NA,2024-02-27,2024-03-05,DJFMP- Chipps and Sacramento Trawls,Active,1
NA,2024-02-27,2024-03-05,DJFMP- Seines,Active,1
NA,2024-02-27,2024-03-05,EDSM,Active,1
NA,2024-02-27,2024-03-05,Environmental Monitoring Program (EMP),Active,1
NA,2024-02-27,2024-03-05,Mossdale Trawl,Active,1
NA,2024-02-27,2024-03-05,USGS Flow monitoring,Active,1
NA,2024-02-27,2024-03-05,Red Bluff Diversion Dam Rotary Screw Trap (RST),Active,1
NA,2024-02-27,2024-03-05,Knights Landing RST,Active,1
NA,2024-02-27,2024-03-05,Tisdale RST,Active,1
NA,2024-02-27,2024-03-05,Yuba River (Hallwood) RST,Active,1
NA,2024-02-27,2024-03-05,Redd dewatering and stranding surveys,Active,1
NA,2024-02-27,2024-03-05,Sacramento Carcass and Redd Surveys (Late fall-run Chinook salmon),Active,1
NA,2024-02-27,2024-03-05,Lower Sacramento RST,Active,1
NA,2024-02-27,2024-03-05,Feather River (upper DWR) RST,Active,1
NA,2024-02-27,2024-03-05,Feather River (lower CDFW) RST,Active,1
NA,2024-02-27,2024-03-05,Lower American River at Watt Ave RST,Active,1
NA,2024-02-27,2024-03-05,SJRRP CDFW Field Monitoring,Active,1
NA,2024-02-27,2024-03-05,SJRRP USBR Field Monitoring,Active,1
NA,2024-02-27,2024-03-05,Stanislaus Fish Weir,Active,1
NA,2024-02-27,2024-03-05,American River Carcass/Redd Surveys (Fall-run Chinook salmon),Not Active,4
NA,2024-02-27,2024-03-05,Stanislaus Carcass Survey (Steelhead),Active,1
NA,2024-02-27,2024-03-05,Caswell RST,Active,1
NA,2024-02-27,2024-03-05,Wallace Weir,Active,1
NA,2024-02-27,2024-03-05,Butte Creek RST/Diversion Trap,Active,1
NA,2024-03-05,2024-03-12,"SWP regular counts, CWT reading",Active,1
NA,2024-03-05,2024-03-12,SWP larval sampling,Active,1
NA,2024-03-05,2024-03-12,"CVP regular counts, CWT reading",Active,1
NA,2024-03-05,2024-03-12,CVP larval sampling,Active,1
NA,2024-03-05,2024-03-12,Smelt Larval Survey,Active,1
NA,2024-03-05,2024-03-12,LEPS,Active,1
NA,2024-03-05,2024-03-12,20mm Survey,Not Active (will begin on 3/18),4
NA,2024-03-05,2024-03-12,Fall Mid-water Trawl,Not Active,4
NA,2024-03-05,2024-03-12,Summer Townet Survey,Not Active,4
NA,2024-03-05,2024-03-12,Bay Study,Active,1
NA,2024-03-05,2024-03-12,DJFMP- Chipps and Sacramento Trawls,Active,1
NA,2024-03-05,2024-03-12,DJFMP- Seines,Active,1
NA,2024-03-05,2024-03-12,EDSM,Active,1
NA,2024-03-05,2024-03-12,Environmental Monitoring Program (EMP),Active,1
NA,2024-03-05,2024-03-12,Mossdale Trawl,Active,1
NA,2024-03-05,2024-03-12,USGS Flow monitoring,Active,1
NA,2024-03-05,2024-03-12,Red Bluff Diversion Dam Rotary Screw Trap (RST),Active,1
NA,2024-03-05,2024-03-12,Knights Landing RST,Active,1
NA,2024-03-05,2024-03-12,Tisdale RST,Active,1
NA,2024-03-05,2024-03-12,Yuba River (Hallwood) RST,Active,1
NA,2024-03-05,2024-03-12,Redd dewatering and stranding surveys,Active,1
NA,2024-03-05,2024-03-12,Sacramento Carcass and Redd Surveys (Late fall-run Chinook salmon),Active,1
NA,2024-03-05,2024-03-12,Lower Sacramento RST,Active,1
NA,2024-03-05,2024-03-12,Feather River (upper DWR) RST,Active,1
NA,2024-03-05,2024-03-12,Feather River (lower CDFW) RST,Active,1
NA,2024-03-05,2024-03-12,Lower American River at Watt Ave RST,Active,1
NA,2024-03-05,2024-03-12,SJRRP CDFW Field Monitoring,Active,1
NA,2024-03-05,2024-03-12,SJRRP USBR Field Monitoring,Active,1
NA,2024-03-05,2024-03-12,Stanislaus Fish Weir,Active,1
NA,2024-03-05,2024-03-12,American River Carcass/Redd Surveys (Fall-run Chinook salmon),Not Active,4
NA,2024-03-05,2024-03-12,Stanislaus Carcass Survey (Steelhead),Active,1
NA,2024-03-05,2024-03-12,Caswell RST,Active,1
NA,2024-03-05,2024-03-12,Wallace Weir,Active,1
NA,2024-03-05,2024-03-12,Butte Creek RST/Diversion Trap,Active,1
NA,2024-03-12,2024-03-19,"SWP regular counts, CWT reading",Active,1
NA,2024-03-12,2024-03-19,SWP larval sampling,Active,1
NA,2024-03-12,2024-03-19,"CVP regular counts, CWT reading",Active,1
NA,2024-03-12,2024-03-19,CVP larval sampling,Active,1
NA,2024-03-12,2024-03-19,Smelt Larval Survey,Active,1
NA,2024-03-12,2024-03-19,LEPS,Active,1
NA,2024-03-12,2024-03-19,20mm Survey,Active,1
NA,2024-03-12,2024-03-19,Fall Mid-water Trawl,Not Active,4
NA,2024-03-12,2024-03-19,Summer Townet Survey,Not Active,4
NA,2024-03-12,2024-03-19,Bay Study,Active,1
NA,2024-03-12,2024-03-19,DJFMP- Chipps and Sacramento Trawls,Active,1
NA,2024-03-12,2024-03-19,DJFMP- Seines,Active,1
NA,2024-03-12,2024-03-19,EDSM,Active,1
NA,2024-03-12,2024-03-19,Environmental Monitoring Program (EMP),Active,1
NA,2024-03-12,2024-03-19,Mossdale Trawl,Active,1
NA,2024-03-12,2024-03-19,USGS Flow monitoring,Active,1
NA,2024-03-12,2024-03-19,Red Bluff Diversion Dam Rotary Screw Trap (RST),Active,1
NA,2024-03-12,2024-03-19,Knights Landing RST,Active,1
NA,2024-03-12,2024-03-19,Tisdale RST,Partial Interruption (interrupted 3/17-18),2
NA,2024-03-12,2024-03-19,Yuba River (Hallwood) RST,Active,1
NA,2024-03-12,2024-03-19,Redd dewatering and stranding surveys,Active,1
NA,2024-03-12,2024-03-19,Sacramento Carcass and Redd Surveys (Late fall-run Chinook salmon),Active,1
NA,2024-03-12,2024-03-19,Lower Sacramento RST,Active,1
NA,2024-03-12,2024-03-19,Feather River (upper DWR) RST,Active (trapping at half cone on 3/14-15),1
NA,2024-03-12,2024-03-19,Feather River (lower CDFW) RST,Active,1
NA,2024-03-12,2024-03-19,Lower American River at Watt Ave RST,Active,1
NA,2024-03-12,2024-03-19,SJRRP CDFW Field Monitoring,Active,1
NA,2024-03-12,2024-03-19,SJRRP USBR Field Monitoring,Active,1
NA,2024-03-12,2024-03-19,Stanislaus Fish Weir,Active,1
NA,2024-03-12,2024-03-19,American River Carcass/Redd Surveys (Fall-run Chinook salmon),Not Active,4
NA,2024-03-12,2024-03-19,Stanislaus Carcass Survey (Steelhead),Active,1
NA,2024-03-12,2024-03-19,Caswell RST,Active,1
NA,2024-03-12,2024-03-19,Wallace Weir,Active,1
NA,2024-03-12,2024-03-19,Butte Creek RST/Diversion Trap,Active,1
NA,2024-03-19,2024-03-26,"SWP regular counts, CWT reading",Active,1
NA,2024-03-19,2024-03-26,SWP larval sampling,Active,1
NA,2024-03-19,2024-03-26,"CVP regular counts, CWT reading",Partial,2
NA,2024-03-19,2024-03-26,CVP larval sampling,Partial,2
NA,2024-03-19,2024-03-26,Smelt Larval Survey,Not Active,4
NA,2024-03-19,2024-03-26,LEPS,Active,1
NA,2024-03-19,2024-03-26,20mm Survey,Active,1
NA,2024-03-19,2024-03-26,Fall Mid-water Trawl,Not Active,4
NA,2024-03-19,2024-03-26,Summer Townet Survey,Not Active,4
NA,2024-03-19,2024-03-26,Bay Study,Active,1
NA,2024-03-19,2024-03-26,DJFMP- Chipps and Sacramento Trawls,Active,1
NA,2024-03-19,2024-03-26,DJFMP- Seines,Active,1
NA,2024-03-19,2024-03-26,EDSM,Active,1
NA,2024-03-19,2024-03-26,Environmental Monitoring Program (EMP),Active,1
NA,2024-03-19,2024-03-26,Mossdale Trawl,Active,1
NA,2024-03-19,2024-03-26,USGS Flow monitoring,Active,1
NA,2024-03-19,2024-03-26,Red Bluff Diversion Dam Rotary Screw Trap (RST),Active,1
NA,2024-03-19,2024-03-26,Knights Landing RST,Active,1
NA,2024-03-19,2024-03-26,Tisdale RST,Active,2
NA,2024-03-19,2024-03-26,Yuba River (Hallwood) RST,Active,1
NA,2024-03-19,2024-03-26,Redd dewatering and stranding surveys,Active,1
NA,2024-03-19,2024-03-26,Sacramento Carcass and Redd Surveys (Late fall-run Chinook salmon),Active,1
NA,2024-03-19,2024-03-26,Lower Sacramento RST,Active (inactive 3/19-3/21),1
NA,2024-03-19,2024-03-26,Feather River (upper DWR) RST,Active,1
NA,2024-03-19,2024-03-26,Feather River (lower CDFW) RST,Active (half cone 3/16 - 3/20),1
NA,2024-03-19,2024-03-26,Lower American River at Watt Ave RST,Active,1
NA,2024-03-19,2024-03-26,SJRRP CDFW Field Monitoring,Active,1
NA,2024-03-19,2024-03-26,SJRRP USBR Field Monitoring,Active,1
NA,2024-03-19,2024-03-26,Stanislaus Fish Weir,Active,1
NA,2024-03-19,2024-03-26,American River Carcass/Redd Surveys (Fall-run Chinook salmon),Not Active,4
NA,2024-03-19,2024-03-26,Stanislaus Redd Survey (Steelhead),Active,1
NA,2024-03-19,2024-03-26,Caswell RST,Active,1
NA,2024-03-19,2024-03-26,Wallace Weir,Active,1
NA,2024-03-19,2024-03-26,Butte Creek RST/Diversion Trap,Active,1
NA,2024-03-26,2024-04-02,"SWP regular counts, CWT reading",Active,1
NA,2024-03-26,2024-04-02,SWP larval sampling,Active,1
NA,2024-03-26,2024-04-02,"CVP regular counts, CWT reading",Active,1
NA,2024-03-26,2024-04-02,CVP larval sampling,Active,1
NA,2024-03-26,2024-04-02,Smelt Larval Survey,Not Active,4
NA,2024-03-26,2024-04-02,LEPS,Active,1
NA,2024-03-26,2024-04-02,20mm Survey,Active,1
NA,2024-03-26,2024-04-02,Fall Mid-water Trawl,Not Active,4
NA,2024-03-26,2024-04-02,Summer Townet Survey,Not Active,4
NA,2024-03-26,2024-04-02,Bay Study,Active,1
NA,2024-03-26,2024-04-02,DJFMP- Chipps and Sacramento Trawls,Active,1
NA,2024-03-26,2024-04-02,DJFMP- Seines,Active,1
NA,2024-03-26,2024-04-02,EDSM,Active,1
NA,2024-03-26,2024-04-02,Environmental Monitoring Program (EMP),Active,1
NA,2024-03-26,2024-04-02,Mossdale Trawl,Active,1
NA,2024-03-26,2024-04-02,USGS Flow monitoring,Active,1
NA,2024-03-26,2024-04-02,Red Bluff Diversion Dam Rotary Screw Trap (RST),Active,1
NA,2024-03-26,2024-04-02,Knights Landing RST,Active,1
NA,2024-03-26,2024-04-02,Tisdale RST,Active,2
NA,2024-03-26,2024-04-02,Yuba River (Hallwood) RST,Active,1
NA,2024-03-26,2024-04-02,Redd dewatering and stranding surveys,Active,1
NA,2024-03-26,2024-04-02,Sacramento Carcass and Redd Surveys (Late fall-run Chinook salmon),Active,1
NA,2024-03-26,2024-04-02,Lower Sacramento RST,Active,1
NA,2024-03-26,2024-04-02,Feather River (upper DWR) RST,Active,1
NA,2024-03-26,2024-04-02,Feather River (lower CDFW) RST,Active,1
NA,2024-03-26,2024-04-02,Lower American River at Watt Ave RST,Active,1
NA,2024-03-26,2024-04-02,SJRRP CDFW Field Monitoring,Active,1
NA,2024-03-26,2024-04-02,SJRRP USBR Field Monitoring,Active,1
NA,2024-03-26,2024-04-02,Stanislaus Fish Weir,Active,1
NA,2024-03-26,2024-04-02,American River Carcass/Redd Surveys (Fall-run Chinook salmon),Not Active,4
NA,2024-03-26,2024-04-02,Stanislaus Redd Survey (Steelhead),Active,1
NA,2024-03-26,2024-04-02,Caswell RST,Active,1
NA,2024-03-26,2024-04-02,Wallace Weir,Active,1
NA,2024-03-26,2024-04-02,Butte Creek RST/Diversion Trap,Active,1
NA,2024-04-02,2024-04-09,"SWP regular counts, CWT reading",Active,1
NA,2024-04-02,2024-04-09,SWP larval sampling,Active,1
NA,2024-04-02,2024-04-09,"CVP regular counts, CWT reading",Active,1
NA,2024-04-02,2024-04-09,CVP larval sampling,Active,1
NA,2024-04-02,2024-04-09,Smelt Larval Survey,Not Active,4
NA,2024-04-02,2024-04-09,LEPS,Active,1
NA,2024-04-02,2024-04-09,20mm Survey,Active,1
NA,2024-04-02,2024-04-09,Fall Mid-water Trawl,Not Active,4
NA,2024-04-02,2024-04-09,Summer Townet Survey,Not Active,4
NA,2024-04-02,2024-04-09,Bay Study,Active,1
NA,2024-04-02,2024-04-09,DJFMP- Chipps and Sacramento Trawls,Active,1
NA,2024-04-02,2024-04-09,DJFMP- Seines,Active,1
NA,2024-04-02,2024-04-09,EDSM,Active,1
NA,2024-04-02,2024-04-09,Environmental Monitoring Program (EMP),Active,1
NA,2024-04-02,2024-04-09,Mossdale Trawl,Active,1
NA,2024-04-02,2024-04-09,USGS Flow monitoring,Active,1
NA,2024-04-02,2024-04-09,Red Bluff Diversion Dam Rotary Screw Trap (RST),Active,1
NA,2024-04-02,2024-04-09,Knights Landing RST,Active,1
NA,2024-04-02,2024-04-09,Tisdale RST,Active,1
NA,2024-04-02,2024-04-09,Yuba River (Hallwood) RST,Active,1
NA,2024-04-02,2024-04-09,Redd dewatering and stranding surveys,Active,1
NA,2024-04-02,2024-04-09,Sacramento Carcass and Redd Surveys (Late fall-run Chinook salmon),Active,1
NA,2024-04-02,2024-04-09,Lower Sacramento RST,Active (half-effort beginning 4/4),1
NA,2024-04-02,2024-04-09,Feather River (upper DWR) RST,Active,1
NA,2024-04-02,2024-04-09,Feather River (lower CDFW) RST,Active,1
NA,2024-04-02,2024-04-09,Lower American River at Watt Ave RST,Active,1
NA,2024-04-02,2024-04-09,SJRRP CDFW Field Monitoring,Active,1
NA,2024-04-02,2024-04-09,SJRRP USBR Field Monitoring,Active,1
NA,2024-04-02,2024-04-09,Stanislaus Fish Weir,Active,1
NA,2024-04-02,2024-04-09,American River Carcass/Redd Surveys (Fall-run Chinook salmon),Not Active,4
NA,2024-04-02,2024-04-09,Stanislaus Redd Survey (Steelhead),Active,1
NA,2024-04-02,2024-04-09,Caswell RST,Active,1
NA,2024-04-02,2024-04-09,Wallace Weir,Active,1
NA,2024-04-02,2024-04-09,Butte Creek RST/Diversion Trap,Active,1
NA,2024-04-09,2024-04-16,"SWP regular counts, CWT reading",Active,1
NA,2024-04-09,2024-04-16,SWP larval sampling,Active,1
NA,2024-04-09,2024-04-16,"CVP regular counts, CWT reading",Active,1
NA,2024-04-09,2024-04-16,CVP larval sampling,Active,1
NA,2024-04-09,2024-04-16,Smelt Larval Survey,Not Active,4
NA,2024-04-09,2024-04-16,LEPS,Active,1
NA,2024-04-09,2024-04-16,20mm Survey,Active,1
NA,2024-04-09,2024-04-16,Fall Mid-water Trawl,Not Active,4
NA,2024-04-09,2024-04-16,Summer Townet Survey,Not Active,4
NA,2024-04-09,2024-04-16,Bay Study,Active,1
NA,2024-04-09,2024-04-16,DJFMP- Chipps and Sacramento Trawls,Active,1
NA,2024-04-09,2024-04-16,DJFMP- Seines,Active,1
NA,2024-04-09,2024-04-16,EDSM,Active,1
NA,2024-04-09,2024-04-16,Environmental Monitoring Program (EMP),Active,1
NA,2024-04-09,2024-04-16,Mossdale Trawl,Active,1
NA,2024-04-09,2024-04-16,USGS Flow monitoring,Active,1
NA,2024-04-09,2024-04-16,Red Bluff Diversion Dam Rotary Screw Trap (RST),Active,1
NA,2024-04-09,2024-04-16,Knights Landing RST,Active,1
NA,2024-04-09,2024-04-16,Tisdale RST,Active,1
NA,2024-04-09,2024-04-16,Yuba River (Hallwood) RST,Active,1
NA,2024-04-09,2024-04-16,Redd dewatering and stranding surveys,Active,1
NA,2024-04-09,2024-04-16,Sacramento Carcass and Redd Surveys (Late fall-run Chinook salmon),Active,1
NA,2024-04-09,2024-04-16,Lower Sacramento RST,Active,1
NA,2024-04-09,2024-04-16,Feather River (upper DWR) RST,Active,1
NA,2024-04-09,2024-04-16,Feather River (lower CDFW) RST,Active,1
NA,2024-04-09,2024-04-16,Lower American River at Watt Ave RST,Active,1
NA,2024-04-09,2024-04-16,SJRRP CDFW Field Monitoring,Active,1
NA,2024-04-09,2024-04-16,SJRRP USBR Field Monitoring,Active,1
NA,2024-04-09,2024-04-16,Stanislaus Fish Weir,Active,1
NA,2024-04-09,2024-04-16,American River Carcass/Redd Surveys (Fall-run Chinook salmon),Not Active,4
NA,2024-04-09,2024-04-16,Stanislaus Redd Survey (Steelhead),Active,1
NA,2024-04-09,2024-04-16,Caswell RST,Active,1
NA,2024-04-09,2024-04-16,Wallace Weir,Active,1
NA,2024-04-09,2024-04-16,Butte Creek RST/Diversion Trap,Active,1
NA,2024-04-16,2024-04-23,"SWP regular counts, CWT reading",Active,1
NA,2024-04-16,2024-04-23,SWP larval sampling,Active,1
NA,2024-04-16,2024-04-23,"CVP regular counts, CWT reading",Active,1
NA,2024-04-16,2024-04-23,CVP larval sampling,Active,1
NA,2024-04-16,2024-04-23,Smelt Larval Survey,Not Active,4
NA,2024-04-16,2024-04-23,LEPS,Active,1
NA,2024-04-16,2024-04-23,20mm Survey,Active,1
NA,2024-04-16,2024-04-23,Fall Mid-water Trawl,Not Active,4
NA,2024-04-16,2024-04-23,Summer Townet Survey,Not Active,4
NA,2024-04-16,2024-04-23,Bay Study,Active,1
NA,2024-04-16,2024-04-23,DJFMP- Chipps and Sacramento Trawls,Active,1
NA,2024-04-16,2024-04-23,DJFMP- Seines,Active,1
NA,2024-04-16,2024-04-23,EDSM,Active,1
NA,2024-04-16,2024-04-23,Environmental Monitoring Program (EMP),Active,1
NA,2024-04-16,2024-04-23,Mossdale Trawl,Active,1
NA,2024-04-16,2024-04-23,USGS Flow monitoring,Active,1
NA,2024-04-16,2024-04-23,Red Bluff Diversion Dam Rotary Screw Trap (RST),Active,1
NA,2024-04-16,2024-04-23,Knights Landing RST,Active,1
NA,2024-04-16,2024-04-23,Tisdale RST,Active,1
NA,2024-04-16,2024-04-23,Yuba River (Hallwood) RST,Active,1
NA,2024-04-16,2024-04-23,Redd dewatering and stranding surveys,Active,1
NA,2024-04-16,2024-04-23,Sacramento Carcass and Redd Surveys (Late fall-run Chinook salmon),Active,1
NA,2024-04-16,2024-04-23,Lower Sacramento RST,Active,1
NA,2024-04-16,2024-04-23,Feather River (upper DWR) RST,Active,1
NA,2024-04-16,2024-04-23,Feather River (lower CDFW) RST,Active,1
NA,2024-04-16,2024-04-23,Lower American River at Watt Ave RST,Active,1
NA,2024-04-16,2024-04-23,SJRRP CDFW Field Monitoring,Active,1
NA,2024-04-16,2024-04-23,SJRRP USBR Field Monitoring,Active,1
NA,2024-04-16,2024-04-23,Stanislaus Fish Weir,Active,1
NA,2024-04-16,2024-04-23,American River Carcass/Redd Surveys (Fall-run Chinook salmon),Not Active,4
NA,2024-04-16,2024-04-23,Stanislaus Redd Survey (Steelhead),Active,1
NA,2024-04-16,2024-04-23,Caswell RST,Active,1
NA,2024-04-16,2024-04-23,Wallace Weir,Active,1
NA,2024-04-16,2024-04-23,Butte Creek RST/Diversion Trap,Active,1
NA,2024-04-23,2024-04-30,"SWP regular counts, CWT reading",Active,1
NA,2024-04-23,2024-04-30,SWP larval sampling,Active,1
NA,2024-04-23,2024-04-30,"CVP regular counts, CWT reading",Active,1
NA,2024-04-23,2024-04-30,CVP larval sampling,Active,1
NA,2024-04-23,2024-04-30,Smelt Larval Survey,Not Active,4
NA,2024-04-23,2024-04-30,LEPS,Active,1
NA,2024-04-23,2024-04-30,20mm Survey,Active,1
NA,2024-04-23,2024-04-30,Fall Mid-water Trawl,Not Active,4
NA,2024-04-23,2024-04-30,Summer Townet Survey,Not Active,4
NA,2024-04-23,2024-04-30,Bay Study,Active,1
NA,2024-04-23,2024-04-30,DJFMP- Chipps and Sacramento Trawls,Active,1
NA,2024-04-23,2024-04-30,DJFMP- Seines,Active,1
NA,2024-04-23,2024-04-30,EDSM,Active,1
NA,2024-04-23,2024-04-30,Environmental Monitoring Program (EMP),Active,1
NA,2024-04-23,2024-04-30,Mossdale Trawl,Active,1
NA,2024-04-23,2024-04-30,USGS Flow monitoring,Active,1
NA,2024-04-23,2024-04-30,Red Bluff Diversion Dam Rotary Screw Trap (RST),Active,1
NA,2024-04-23,2024-04-30,Knights Landing RST,Active,1
NA,2024-04-23,2024-04-30,Tisdale RST,Active,1
NA,2024-04-23,2024-04-30,Yuba River (Hallwood) RST,Active,1
NA,2024-04-23,2024-04-30,Redd dewatering and stranding surveys,Active,1
NA,2024-04-23,2024-04-30,Sacramento Carcass and Redd Surveys (Late fall-run Chinook salmon),Active,1
NA,2024-04-23,2024-04-30,Lower Sacramento RST,Active (Inactive on 4/28; sampling at half cone due to debris),1
NA,2024-04-23,2024-04-30,Feather River (upper DWR) RST,Active,1
NA,2024-04-23,2024-04-30,Feather River (lower CDFW) RST,Active,1
NA,2024-04-23,2024-04-30,Lower American River at Watt Ave RST,Active,1
NA,2024-04-23,2024-04-30,SJRRP CDFW Field Monitoring,Active,1
NA,2024-04-23,2024-04-30,SJRRP USBR Field Monitoring,Active,1
NA,2024-04-23,2024-04-30,Stanislaus Fish Weir,Active,1
NA,2024-04-23,2024-04-30,American River Carcass/Redd Surveys (Fall-run Chinook salmon),Not Active,4
NA,2024-04-23,2024-04-30,Stanislaus Redd Survey (Steelhead),Not Active (Completed for the season),4
NA,2024-04-23,2024-04-30,Caswell RST,Active,1
NA,2024-04-23,2024-04-30,Wallace Weir,Active,1
NA,2024-04-23,2024-04-30,Butte Creek RST/Diversion Trap,Active,1
NA,2024-04-30,2024-05-07,"SWP regular counts, CWT reading",Active,1
NA,2024-04-30,2024-05-07,SWP larval sampling,Active,1
NA,2024-04-30,2024-05-07,"CVP regular counts, CWT reading",Active,1
NA,2024-04-30,2024-05-07,CVP larval sampling,Active,1
NA,2024-04-30,2024-05-07,Smelt Larval Survey,Not Active,4
NA,2024-04-30,2024-05-07,LEPS,Active,1
NA,2024-04-30,2024-05-07,20mm Survey,Active,1
NA,2024-04-30,2024-05-07,Fall Mid-water Trawl,Not Active,4
NA,2024-04-30,2024-05-07,Summer Townet Survey,Not Active,4
NA,2024-04-30,2024-05-07,Bay Study,Active,1
NA,2024-04-30,2024-05-07,DJFMP- Chipps and Sacramento Trawls,Active,1
NA,2024-04-30,2024-05-07,DJFMP- Seines,Active,1
NA,2024-04-30,2024-05-07,EDSM,Active,1
NA,2024-04-30,2024-05-07,Environmental Monitoring Program (EMP),Active,1
NA,2024-04-30,2024-05-07,Mossdale Trawl,Active,1
NA,2024-04-30,2024-05-07,USGS Flow monitoring,Active,1
NA,2024-04-30,2024-05-07,Red Bluff Diversion Dam Rotary Screw Trap (RST),Active,1
NA,2024-04-30,2024-05-07,Knights Landing RST,Active,1
NA,2024-04-30,2024-05-07,Tisdale RST,Active,1
NA,2024-04-30,2024-05-07,Yuba River (Hallwood) RST,Active,1
NA,2024-04-30,2024-05-07,Redd dewatering and stranding surveys,Active,1
NA,2024-04-30,2024-05-07,Sacramento Carcass and Redd Surveys (Late fall-run Chinook salmon),Active,1
NA,2024-04-30,2024-05-07,Lower Sacramento RST,Active,1
NA,2024-04-30,2024-05-07,Feather River (upper DWR) RST,Active,1
NA,2024-04-30,2024-05-07,Feather River (lower CDFW) RST,Active,1
NA,2024-04-30,2024-05-07,Lower American River at Watt Ave RST,Active,1
NA,2024-04-30,2024-05-07,SJRRP CDFW Field Monitoring,Active,1
NA,2024-04-30,2024-05-07,SJRRP USBR Field Monitoring,Active,1
NA,2024-04-30,2024-05-07,Stanislaus Fish Weir,Active,1
NA,2024-04-30,2024-05-07,American River Carcass/Redd Surveys (Fall-run Chinook salmon),Not Active,4
NA,2024-04-30,2024-05-07,Stanislaus Redd Survey (Steelhead),Not Active,4
NA,2024-04-30,2024-05-07,Caswell RST,Active,1
NA,2024-04-30,2024-05-07,Wallace Weir,Active,1
NA,2024-04-30,2024-05-07,Butte Creek RST/Diversion Trap,Active,1
NA,2024-05-07,2024-05-14,"SWP regular counts, CWT reading",Active,1
NA,2024-05-07,2024-05-14,SWP larval sampling,Active,1
NA,2024-05-07,2024-05-14,"CVP regular counts, CWT reading",Active,1
NA,2024-05-07,2024-05-14,CVP larval sampling,Active,1
NA,2024-05-07,2024-05-14,Smelt Larval Survey,Not Active,4
NA,2024-05-07,2024-05-14,LEPS,Active,1
NA,2024-05-07,2024-05-14,20mm Survey,Active,1
NA,2024-05-07,2024-05-14,Fall Mid-water Trawl,Not Active,4
NA,2024-05-07,2024-05-14,Summer Townet Survey,Not Active,4
NA,2024-05-07,2024-05-14,Bay Study,Active,1
NA,2024-05-07,2024-05-14,DJFMP- Chipps and Sacramento Trawls,Active,1
NA,2024-05-07,2024-05-14,DJFMP- Seines,Active,1
NA,2024-05-07,2024-05-14,EDSM,Active,1
NA,2024-05-07,2024-05-14,Environmental Monitoring Program (EMP),Active,1
NA,2024-05-07,2024-05-14,Mossdale Trawl,Active,1
NA,2024-05-07,2024-05-14,USGS Flow monitoring,Active,1
NA,2024-05-07,2024-05-14,Red Bluff Diversion Dam Rotary Screw Trap (RST),Active,1
NA,2024-05-07,2024-05-14,Knights Landing RST,Active,1
NA,2024-05-07,2024-05-14,Tisdale RST,Active,1
NA,2024-05-07,2024-05-14,Yuba River (Hallwood) RST,Active,1
NA,2024-05-07,2024-05-14,Redd dewatering and stranding surveys,Active,1
NA,2024-05-07,2024-05-14,Sacramento Carcass and Redd Surveys (Late fall-run Chinook salmon),Active,1
NA,2024-05-07,2024-05-14,Sacramento Carcass and Redd Surveys (Winter-run Chinook salmon),Active,1
NA,2024-05-07,2024-05-14,Lower Sacramento RST,Active,1
NA,2024-05-07,2024-05-14,Feather River (upper DWR) RST,Active,1
NA,2024-05-07,2024-05-14,Feather River (lower CDFW) RST,Active,1
NA,2024-05-07,2024-05-14,Lower American River at Watt Ave RST,Active,1
NA,2024-05-07,2024-05-14,SJRRP CDFW Field Monitoring,Active,1
NA,2024-05-07,2024-05-14,SJRRP USBR Field Monitoring,Active,1
NA,2024-05-07,2024-05-14,Stanislaus Fish Weir,Active,1
NA,2024-05-07,2024-05-14,American River Carcass/Redd Surveys (Fall-run Chinook salmon),Not Active,4
NA,2024-05-07,2024-05-14,Stanislaus Redd Survey (Steelhead),Not Active,4
NA,2024-05-07,2024-05-14,Caswell RST,Active,1
NA,2024-05-07,2024-05-14,Wallace Weir,Active,1
NA,2024-05-07,2024-05-14,Butte Creek RST/Diversion Trap,Active,1
NA,2024-05-14,2024-05-21,"SWP regular counts, CWT reading",Active,1
NA,2024-05-14,2024-05-21,SWP larval sampling,Active,1
NA,2024-05-14,2024-05-21,"CVP regular counts, CWT reading",Active,1
NA,2024-05-14,2024-05-21,CVP larval sampling,Active,1
NA,2024-05-14,2024-05-21,Smelt Larval Survey,Not Active,4
NA,2024-05-14,2024-05-21,LEPS,Active,1
NA,2024-05-14,2024-05-21,20mm Survey,Active,1
NA,2024-05-14,2024-05-21,Fall Mid-water Trawl,Not Active,4
NA,2024-05-14,2024-05-21,Summer Townet Survey,Not Active,4
NA,2024-05-14,2024-05-21,Bay Study,Active,1
NA,2024-05-14,2024-05-21,DJFMP- Chipps and Sacramento Trawls,Active,1
NA,2024-05-14,2024-05-21,DJFMP- Seines,Active,1
NA,2024-05-14,2024-05-21,EDSM,Active,1
NA,2024-05-14,2024-05-21,Environmental Monitoring Program (EMP),Active,1
NA,2024-05-14,2024-05-21,Mossdale Trawl,Active,1
NA,2024-05-14,2024-05-21,USGS Flow monitoring,Active,1
NA,2024-05-14,2024-05-21,Red Bluff Diversion Dam Rotary Screw Trap (RST),Active,1
NA,2024-05-14,2024-05-21,Knights Landing RST,Not Active (stopped trapping on 5/16),4
NA,2024-05-14,2024-05-21,Tisdale RST,Active,1
NA,2024-05-14,2024-05-21,Yuba River (Hallwood) RST,Active,1
NA,2024-05-14,2024-05-21,Redd dewatering and stranding surveys,Active,1
NA,2024-05-14,2024-05-21,Sacramento Carcass and Redd Surveys (Late fall-run Chinook salmon),Active,1
NA,2024-05-14,2024-05-21,Sacramento Carcass and Redd Surveys (Winter-run Chinook salmon),Active,1
NA,2024-05-14,2024-05-21,Lower Sacramento RST,Active,1
NA,2024-05-14,2024-05-21,Feather River (upper DWR) RST,Active,1
NA,2024-05-14,2024-05-21,Feather River (lower CDFW) RST,Active,1
NA,2024-05-14,2024-05-21,Lower American River at Watt Ave RST,Active,1
NA,2024-05-14,2024-05-21,SJRRP CDFW Field Monitoring,Active,1
NA,2024-05-14,2024-05-21,SJRRP USBR Field Monitoring,Active,1
NA,2024-05-14,2024-05-21,Stanislaus Fish Weir,Active,1
NA,2024-05-14,2024-05-21,American River Carcass/Redd Surveys (Fall-run Chinook salmon),Not Active,4
NA,2024-05-14,2024-05-21,Stanislaus Redd Survey (Steelhead),Not Active,4
NA,2024-05-14,2024-05-21,Caswell RST,Active,1
NA,2024-05-14,2024-05-21,Wallace Weir,Active,1
NA,2024-05-14,2024-05-21,Butte Creek RST/Diversion Trap,Active,1
NA,2024-05-21,2024-05-28,"SWP regular counts, CWT reading",Active,1
NA,2024-05-21,2024-05-28,SWP larval sampling,Active,1
NA,2024-05-21,2024-05-28,"CVP regular counts, CWT reading",Active,1
NA,2024-05-21,2024-05-28,CVP larval sampling,Active,1
NA,2024-05-21,2024-05-28,Smelt Larval Survey,Not Active,4
NA,2024-05-21,2024-05-28,LEPS,Active,1
NA,2024-05-21,2024-05-28,20mm Survey,Active,1
NA,2024-05-21,2024-05-28,Fall Mid-water Trawl,Not Active,4
NA,2024-05-21,2024-05-28,Summer Townet Survey,Not Active,4
NA,2024-05-21,2024-05-28,Bay Study,Active,1
NA,2024-05-21,2024-05-28,DJFMP- Chipps and Sacramento Trawls,Active,1
NA,2024-05-21,2024-05-28,DJFMP- Seines,Active,1
NA,2024-05-21,2024-05-28,EDSM,Active,1
NA,2024-05-21,2024-05-28,Environmental Monitoring Program (EMP),Active,1
NA,2024-05-21,2024-05-28,Mossdale Trawl,Active,1
NA,2024-05-21,2024-05-28,USGS Flow monitoring,Active,1
NA,2024-05-21,2024-05-28,Red Bluff Diversion Dam Rotary Screw Trap (RST),Active,1
NA,2024-05-21,2024-05-28,Knights Landing RST,Active,1
NA,2024-05-21,2024-05-28,Tisdale RST,Active,1
NA,2024-05-21,2024-05-28,Yuba River (Hallwood) RST,Active,1
NA,2024-05-21,2024-05-28,Redd dewatering and stranding surveys,Active,1
NA,2024-05-21,2024-05-28,Sacramento Carcass and Redd Surveys (Late fall-run Chinook salmon),Active,1
NA,2024-05-21,2024-05-28,Sacramento Carcass and Redd Surveys (Winter-run Chinook salmon),Active,1
NA,2024-05-21,2024-05-28,Lower Sacramento RST,Active,1
NA,2024-05-21,2024-05-28,Feather River (upper DWR) RST,Active,1
NA,2024-05-21,2024-05-28,Feather River (lower CDFW) RST,Active,1
NA,2024-05-21,2024-05-28,Lower American River at Watt Ave RST,Active,1
NA,2024-05-21,2024-05-28,SJRRP CDFW Field Monitoring,Active,1
NA,2024-05-21,2024-05-28,SJRRP USBR Field Monitoring,Active,1
NA,2024-05-21,2024-05-28,Stanislaus Fish Weir,Active,1
NA,2024-05-21,2024-05-28,American River Carcass/Redd Surveys (Fall-run Chinook salmon),Not Active,4
NA,2024-05-21,2024-05-28,Stanislaus Redd Survey (Steelhead),Not Active,4
NA,2024-05-21,2024-05-28,Caswell RST,Active,1
NA,2024-05-21,2024-05-28,Wallace Weir,Active,1
NA,2024-05-21,2024-05-28,Butte Creek RST/Diversion Trap,Active,1
NA,2024-05-28,2024-06-04,"SWP regular counts, CWT reading",Active,1
NA,2024-05-28,2024-06-04,SWP larval sampling,Active,1
NA,2024-05-28,2024-06-04,"CVP regular counts, CWT reading",Active,1
NA,2024-05-28,2024-06-04,CVP larval sampling,Active,1
NA,2024-05-28,2024-06-04,Smelt Larval Survey,Not Active,4
NA,2024-05-28,2024-06-04,LEPS,Active,1
NA,2024-05-28,2024-06-04,20mm Survey,Active,1
NA,2024-05-28,2024-06-04,Fall Mid-water Trawl,Not Active,4
NA,2024-05-28,2024-06-04,Summer Townet Survey,Active,1
NA,2024-05-28,2024-06-04,Bay Study,Active,1
NA,2024-05-28,2024-06-04,DJFMP- Chipps and Sacramento Trawls,Active,1
NA,2024-05-28,2024-06-04,DJFMP- Seines,Active,1
NA,2024-05-28,2024-06-04,EDSM,Active,1
NA,2024-05-28,2024-06-04,Environmental Monitoring Program (EMP),Active,1
NA,2024-05-28,2024-06-04,Mossdale Trawl,Active,1
NA,2024-05-28,2024-06-04,USGS Flow monitoring,Active,1
NA,2024-05-28,2024-06-04,Red Bluff Diversion Dam Rotary Screw Trap (RST),Active,1
NA,2024-05-28,2024-06-04,Knights Landing RST,Active,1
NA,2024-05-28,2024-06-04,Tisdale RST,Active,1
NA,2024-05-28,2024-06-04,Yuba River (Hallwood) RST,Active,1
NA,2024-05-28,2024-06-04,Redd dewatering and stranding surveys,Active,1
NA,2024-05-28,2024-06-04,Sacramento Carcass and Redd Surveys (Late fall-run Chinook salmon),Active,1
NA,2024-05-28,2024-06-04,Sacramento Carcass and Redd Surveys (Winter-run Chinook salmon),Active,1
NA,2024-05-28,2024-06-04,Lower Sacramento RST,Active,1
NA,2024-05-28,2024-06-04,Feather River (upper DWR) RST,Active,1
NA,2024-05-28,2024-06-04,Feather River (lower CDFW) RST,Active,1
NA,2024-05-28,2024-06-04,Lower American River at Watt Ave RST,Active,1
NA,2024-05-28,2024-06-04,SJRRP CDFW Field Monitoring,Active,1
NA,2024-05-28,2024-06-04,SJRRP USBR Field Monitoring,Active,1
NA,2024-05-28,2024-06-04,Stanislaus Fish Weir,Active,1
NA,2024-05-28,2024-06-04,American River Carcass/Redd Surveys (Fall-run Chinook salmon),Not Active,4
NA,2024-05-28,2024-06-04,Stanislaus Redd Survey (Steelhead),Not Active,4
NA,2024-05-28,2024-06-04,Caswell RST,Active,1
NA,2024-05-28,2024-06-04,Wallace Weir,Active,1
NA,2024-05-28,2024-06-04,Butte Creek RST/Diversion Trap,Active,1
NA,2024-06-04,2024-06-11,"SWP regular counts, CWT reading",Active,1
NA,2024-06-04,2024-06-11,SWP larval sampling,Active,1
NA,2024-06-04,2024-06-11,"CVP regular counts, CWT reading",Active,1
NA,2024-06-04,2024-06-11,CVP larval sampling,Active,1
NA,2024-06-04,2024-06-11,Smelt Larval Survey,Not Active,4
NA,2024-06-04,2024-06-11,LEPS,Active,1
NA,2024-06-04,2024-06-11,20mm Survey,Active,1
NA,2024-06-04,2024-06-11,Fall Mid-water Trawl,Not Active,4
NA,2024-06-04,2024-06-11,Summer Townet Survey,Active,1
NA,2024-06-04,2024-06-11,Bay Study,Active,1
NA,2024-06-04,2024-06-11,DJFMP- Chipps and Sacramento Trawls,Active,1
NA,2024-06-04,2024-06-11,DJFMP- Seines,Active,1
NA,2024-06-04,2024-06-11,EDSM,Active,1
NA,2024-06-04,2024-06-11,Environmental Monitoring Program (EMP),Active,1
NA,2024-06-04,2024-06-11,Mossdale Trawl,Active,1
NA,2024-06-04,2024-06-11,USGS Flow monitoring,Active,1
NA,2024-06-04,2024-06-11,Red Bluff Diversion Dam Rotary Screw Trap (RST),Active,1
NA,2024-06-04,2024-06-11,Knights Landing RST,Not Active (since 6/4),4
NA,2024-06-04,2024-06-11,Tisdale RST,Not Active (ended for season on 6/5),4
NA,2024-06-04,2024-06-11,Yuba River (Hallwood) RST,Active,1
NA,2024-06-04,2024-06-11,Redd dewatering and stranding surveys,Active,1
NA,2024-06-04,2024-06-11,Sacramento Carcass and Redd Surveys (Late fall-run Chinook salmon),Active,1
NA,2024-06-04,2024-06-11,Sacramento Carcass and Redd Surveys (Winter-run Chinook salmon),Active,1
NA,2024-06-04,2024-06-11,Lower Sacramento RST,Not Active,4
NA,2024-06-04,2024-06-11,Feather River (upper DWR) RST,Active,1
NA,2024-06-04,2024-06-11,Feather River (lower CDFW) RST,Active,1
NA,2024-06-04,2024-06-11,Lower American River at Watt Ave RST,Active,1
NA,2024-06-04,2024-06-11,SJRRP CDFW Field Monitoring,Active,1
NA,2024-06-04,2024-06-11,SJRRP USBR Field Monitoring,Not Active,4
NA,2024-06-04,2024-06-11,Stanislaus Fish Weir,Active,1
NA,2024-06-04,2024-06-11,American River Carcass/Redd Surveys (Fall-run Chinook salmon),Not Active,4
NA,2024-06-04,2024-06-11,Stanislaus Redd Survey (Steelhead),Not Active,4
NA,2024-06-04,2024-06-11,Caswell RST,Active,1
NA,2024-06-04,2024-06-11,Wallace Weir,Not Active,4
NA,2024-06-04,2024-06-11,Butte Creek RST/Diversion Trap,Active,1
