"","event","start","end","group","notes","category"
"1",NA,2023-10-03,2023-10-10,"SWP regular counts, CWT reading","Active","1"
"2",NA,2023-10-03,2023-10-10,"SWP larval sampling","Not Active","4"
"3",NA,2023-10-03,2023-10-10,"CVP regular counts, CWT reading","Active","1"
"4",NA,2023-10-03,2023-10-10,"CVP larval sampling","Not Active","4"
"5",NA,2023-10-03,2023-10-10,"Smelt Larval Survey","Not Active","4"
"6",NA,2023-10-03,2023-10-10,"LEPS","Not Active","4"
"7",NA,2023-10-03,2023-10-10,"20mm Survey","Not Active","4"
"8",NA,2023-10-03,2023-10-10,"Fall Mid-water Trawl","Active","1"
"9",NA,2023-10-03,2023-10-10,"Summer Townet Survey","Not Active","4"
"10",NA,2023-10-03,2023-10-10,"Bay Study","Active","1"
"11",NA,2023-10-03,2023-10-10,"DJFMP- Chipps and Sacramento Trawls","Active","1"
"12",NA,2023-10-03,2023-10-10,"DJFMP- Seines","Active","1"
"13",NA,2023-10-03,2023-10-10,"EDSM","Active","1"
"14",NA,2023-10-03,2023-10-10,"EMP","Active","1"
"15",NA,2023-10-03,2023-10-10,"Mossdale","Active","1"
"16",NA,2023-10-03,2023-10-10,"USGS Flow monitoring","Active","1"
"17",NA,2023-10-03,2023-10-10,"Red Bluff Diversion Dam Rotary Screw Trap (RST)","Active","1"
"18",NA,2023-10-03,2023-10-10,"Knights Landing RST","Active","1"
"19",NA,2023-10-03,2023-10-10,"Tisdale RST","Active","1"
"20",NA,2023-10-03,2023-10-10,"GCID RST","Not Active","4"
"21",NA,2023-10-03,2023-10-10,"Yuba River (Hallwood) RST","Not Active*","1"
"22",NA,2023-10-03,2023-10-10,"Redd dewatering and stranding surveys","Not Active","4"
"23",NA,2023-10-03,2023-10-10,"Sacramento Carcass and Redd Surveys","Active","1"
"24",NA,2023-10-03,2023-10-10,"Lower Sacramento RST","Active","1"
"25",NA,2023-10-03,2023-10-10,"Feather River (upper DWR) RST","Active","1"
"26",NA,2023-10-03,2023-10-10,"Feather River (lower CDFW) RST","Not Active","4"
"27",NA,2023-10-03,2023-10-10,"SJRRP CDFW Field Monitoring","Not Active","4"
"28",NA,2023-10-03,2023-10-10,"SJRRP USBR Field Monitoring","Interrupted","3"
"29",NA,2023-10-03,2023-10-10,"Stanislaus Fish Weir","Not Active","4"
"30",NA,2023-10-03,2023-10-10,"American River Carcass/Redd Surveys","Not Active","4"
"31",NA,2023-10-03,2023-10-10,"Caswell RST","Active","1"
"32",NA,2023-10-03,2023-10-10,"Wallace Weir","Not Active","4"
"33",NA,2023-10-03,2023-10-10,"Butte Creek RST/Diversion Trap","Not Active/Active","4/1"
"34",NA,2023-10-03,2023-10-10,"SWP regular counts, CWT reading","Active","1"
"35",NA,2023-10-03,2023-10-10,"SWP larval sampling","Not Active","4"
"36",NA,2023-10-03,2023-10-10,"CVP regular counts, CWT reading","Active","1"
"37",NA,2023-10-03,2023-10-10,"CVP larval sampling","Not Active","4"
"38",NA,2023-10-03,2023-10-10,"Smelt Larval Survey","Not Active","4"
"39",NA,2023-10-03,2023-10-10,"LEPS","Not Active","4"
"40",NA,2023-10-03,2023-10-10,"20mm Survey","Not Active","4"
"41",NA,2023-10-03,2023-10-10,"Fall Mid-water Trawl","Active","1"
"42",NA,2023-10-03,2023-10-10,"Summer Townet Survey","Not Active","4"
"43",NA,2023-10-03,2023-10-10,"Bay Study","Active","1"
"44",NA,2023-10-03,2023-10-10,"DJFMP- Chipps and Sacramento Trawls","Active","1"
"45",NA,2023-10-03,2023-10-10,"DJFMP- Seines","Active","1"
"46",NA,2023-10-03,2023-10-10,"EDSM","Active","1"
"47",NA,2023-10-03,2023-10-10,"EMP","Active","1"
"48",NA,2023-10-03,2023-10-10,"Mossdale","Active","1"
"49",NA,2023-10-03,2023-10-10,"USGS Flow monitoring","Active","1"
"50",NA,2023-10-03,2023-10-10,"Red Bluff Diversion Dam Rotary Screw Trap (RST)","Active","1"
"51",NA,2023-10-03,2023-10-10,"Knights Landing RST","Active (Monday-Friday)","1"
"52",NA,2023-10-03,2023-10-10,"Tisdale RST","Active","1"
"53",NA,2023-10-03,2023-10-10,"GCID RST","Not Active","4"
"54",NA,2023-10-03,2023-10-10,"Yuba River (Hallwood) RST","Not Active*","1"
"55",NA,2023-10-03,2023-10-10,"Redd dewatering and stranding surveys","Not Active","4"
"56",NA,2023-10-03,2023-10-10,"Sacramento Carcass and Redd Surveys","Active","1"
"57",NA,2023-10-03,2023-10-10,"Lower Sacramento RST","Active","1"
"58",NA,2023-10-03,2023-10-10,"Feather River (upper DWR) RST","Active","1"
"59",NA,2023-10-03,2023-10-10,"Feather River (lower CDFW) RST","Active","1"
"60",NA,2023-10-03,2023-10-10,"SJRRP CDFW Field Monitoring","Active","1"
"61",NA,2023-10-03,2023-10-10,"SJRRP USBR Field Monitoring","Active","1"
"62",NA,2023-10-03,2023-10-10,"Stanislaus Fish Weir","Active","1"
"63",NA,2023-10-03,2023-10-10,"American River Carcass/Redd Surveys","Not Active","4"
"64",NA,2023-10-03,2023-10-10,"Caswell RST","Active","1"
"65",NA,2023-10-03,2023-10-10,"Wallace Weir","Not Active","4"
"66",NA,2023-10-03,2023-10-10,"Butte Creek RST/Diversion Trap","Not Active/Active","4/1"
"67",NA,2023-10-10,2023-10-17,"SWP regular counts, CWT reading","Active","1"
"68",NA,2023-10-10,2023-10-17,"SWP larval sampling","Not Active","4"
"69",NA,2023-10-10,2023-10-17,"CVP regular counts, CWT reading","Active","1"
"70",NA,2023-10-10,2023-10-17,"CVP larval sampling","Not Active","4"
"71",NA,2023-10-10,2023-10-17,"Smelt Larval Survey","Not Active","4"
"72",NA,2023-10-10,2023-10-17,"LEPS","Not Active","4"
"73",NA,2023-10-10,2023-10-17,"20mm Survey","Not Active","4"
"74",NA,2023-10-10,2023-10-17,"Fall Mid-water Trawl","Active","1"
"75",NA,2023-10-10,2023-10-17,"Summer Townet Survey","Not Active","4"
"76",NA,2023-10-10,2023-10-17,"Bay Study","Active","1"
"77",NA,2023-10-10,2023-10-17,"DJFMP- Chipps and Sacramento Trawls","Active","1"
"78",NA,2023-10-10,2023-10-17,"DJFMP- Seines","Active","1"
"79",NA,2023-10-10,2023-10-17,"EDSM","Active","1"
"80",NA,2023-10-10,2023-10-17,"EMP","Active","1"
"81",NA,2023-10-10,2023-10-17,"Mossdale","Active","1"
"82",NA,2023-10-10,2023-10-17,"USGS Flow monitoring","Active","1"
"83",NA,2023-10-10,2023-10-17,"Red Bluff Diversion Dam Rotary Screw Trap (RST)","Active","1"
"84",NA,2023-10-10,2023-10-17,"Knights Landing RST","Active (Monday-Friday)","1"
"85",NA,2023-10-10,2023-10-17,"Tisdale RST","Active","1"
"86",NA,2023-10-10,2023-10-17,"GCID RST","Not Active","4"
"87",NA,2023-10-10,2023-10-17,"Yuba River (Hallwood) RST","Not Active*","1"
"88",NA,2023-10-10,2023-10-17,"Redd dewatering and stranding surveys","Not Active","4"
"89",NA,2023-10-10,2023-10-17,"Sacramento Carcass and Redd Surveys","Active","1"
"90",NA,2023-10-10,2023-10-17,"Lower Sacramento RST","Active","1"
"91",NA,2023-10-10,2023-10-17,"Feather River (upper DWR) RST","Active","1"
"92",NA,2023-10-10,2023-10-17,"Feather River (lower CDFW) RST","Active","1"
"93",NA,2023-10-10,2023-10-17,"SJRRP CDFW Field Monitoring","Active","1"
"94",NA,2023-10-10,2023-10-17,"SJRRP USBR Field Monitoring","Active","1"
"95",NA,2023-10-10,2023-10-17,"Stanislaus Fish Weir","Active","1"
"96",NA,2023-10-10,2023-10-17,"American River Carcass/Redd Surveys","Not Active","4"
"97",NA,2023-10-10,2023-10-17,"Caswell RST","Active","1"
"98",NA,2023-10-10,2023-10-17,"Wallace Weir","Not Active","4"
"99",NA,2023-10-10,2023-10-17,"Butte Creek RST/Diversion Trap","Not Active/Active","4/1"
"100",NA,2023-10-17,2023-10-24,"SWP regular counts, CWT reading","Partial Interruption","2"
"101",NA,2023-10-17,2023-10-24,"SWP larval sampling","Not Active","4"
"102",NA,2023-10-17,2023-10-24,"CVP regular counts, CWT reading","Active","1"
"103",NA,2023-10-17,2023-10-24,"CVP larval sampling","Not Active","4"
"104",NA,2023-10-17,2023-10-24,"Smelt Larval Survey","Not Active","4"
"105",NA,2023-10-17,2023-10-24,"LEPS","Not Active","4"
"106",NA,2023-10-17,2023-10-24,"20mm Survey","Not Active","4"
"107",NA,2023-10-17,2023-10-24,"Fall Mid-water Trawl","Active","1"
"108",NA,2023-10-17,2023-10-24,"Summer Townet Survey","Not Active","4"
"109",NA,2023-10-17,2023-10-24,"Bay Study","Active","1"
"110",NA,2023-10-17,2023-10-24,"DJFMP- Chipps and Sacramento Trawls","Active","1"
"111",NA,2023-10-17,2023-10-24,"DJFMP- Seines","Active","1"
"112",NA,2023-10-17,2023-10-24,"EDSM","Active","1"
"113",NA,2023-10-17,2023-10-24,"EMP","Active","1"
"114",NA,2023-10-17,2023-10-24,"Mossdale","Active","1"
"115",NA,2023-10-17,2023-10-24,"USGS Flow monitoring","Active","1"
"116",NA,2023-10-17,2023-10-24,"Red Bluff Diversion Dam Rotary Screw Trap (RST)","Active","1"
"117",NA,2023-10-17,2023-10-24,"Knights Landing RST","Active","1"
"118",NA,2023-10-17,2023-10-24,"Tisdale RST","Active","1"
"119",NA,2023-10-17,2023-10-24,"GCID RST","Not Active","4"
"120",NA,2023-10-17,2023-10-24,"Yuba River (Hallwood) RST","Not Active*","1"
"121",NA,2023-10-17,2023-10-24,"Redd dewatering and stranding surveys","Active","1"
"122",NA,2023-10-17,2023-10-24,"Sacramento Carcass and Redd Surveys","Active","1"
"123",NA,2023-10-17,2023-10-24,"Lower Sacramento RST","Active","1"
"124",NA,2023-10-17,2023-10-24,"Feather River (upper DWR) RST","Active","1"
"125",NA,2023-10-17,2023-10-24,"Feather River (lower CDFW) RST","Active","1"
"126",NA,2023-10-17,2023-10-24,"SJRRP CDFW Field Monitoring","Active","1"
"127",NA,2023-10-17,2023-10-24,"SJRRP USBR Field Monitoring","Active","1"
"128",NA,2023-10-17,2023-10-24,"Stanislaus Fish Weir","Active","1"
"129",NA,2023-10-17,2023-10-24,"American River Carcass/Redd Surveys","Active","1"
"130",NA,2023-10-17,2023-10-24,"Caswell RST","Active","1"
"131",NA,2023-10-17,2023-10-24,"Wallace Weir","Not Active","4"
"132",NA,2023-10-17,2023-10-24,"Butte Creek RST/Diversion Trap","Not Active/Active","4/1"
"133",NA,2023-10-24,2023-10-31,"SWP regular counts, CWT reading","Active","1"
"134",NA,2023-10-24,2023-10-31,"SWP larval sampling","Not Active","4"
"135",NA,2023-10-24,2023-10-31,"CVP regular counts, CWT reading","Active","1"
"136",NA,2023-10-24,2023-10-31,"CVP larval sampling","Not Active","4"
"137",NA,2023-10-24,2023-10-31,"Smelt Larval Survey","Not Active","4"
"138",NA,2023-10-24,2023-10-31,"LEPS","Not Active","4"
"139",NA,2023-10-24,2023-10-31,"20mm Survey","Not Active","4"
"140",NA,2023-10-24,2023-10-31,"Fall Mid-water Trawl","Active","1"
"141",NA,2023-10-24,2023-10-31,"Summer Townet Survey","Not Active","4"
"142",NA,2023-10-24,2023-10-31,"Bay Study","Active","1"
"143",NA,2023-10-24,2023-10-31,"DJFMP- Chipps and Sacramento Trawls","Active","1"
"144",NA,2023-10-24,2023-10-31,"DJFMP- Seines","Active","1"
"145",NA,2023-10-24,2023-10-31,"EDSM","Active","1"
"146",NA,2023-10-24,2023-10-31,"EMP","Active","1"
"147",NA,2023-10-24,2023-10-31,"Mossdale","Active","1"
"148",NA,2023-10-24,2023-10-31,"USGS Flow monitoring","Active","1"
"149",NA,2023-10-24,2023-10-31,"Red Bluff Diversion Dam Rotary Screw Trap (RST)","Active","1"
"150",NA,2023-10-24,2023-10-31,"Knights Landing RST","Active","1"
"151",NA,2023-10-24,2023-10-31,"Tisdale RST","Active","1"
"152",NA,2023-10-24,2023-10-31,"GCID RST","Not Active","4"
"153",NA,2023-10-24,2023-10-31,"Yuba River (Hallwood) RST","Not Active*","1"
"154",NA,2023-10-24,2023-10-31,"Redd dewatering and stranding surveys","Active","1"
"155",NA,2023-10-24,2023-10-31,"Sacramento Carcass and Redd Surveys","Active","1"
"156",NA,2023-10-24,2023-10-31,"Lower Sacramento RST","Active","1"
"157",NA,2023-10-24,2023-10-31,"Feather River (upper DWR) RST","Active","1"
"158",NA,2023-10-24,2023-10-31,"Feather River (lower CDFW) RST","Active","1"
"159",NA,2023-10-24,2023-10-31,"SJRRP CDFW Field Monitoring","Active","1"
"160",NA,2023-10-24,2023-10-31,"SJRRP USBR Field Monitoring","Active","1"
"161",NA,2023-10-24,2023-10-31,"Stanislaus Fish Weir","Active","1"
"162",NA,2023-10-24,2023-10-31,"American River Carcass/Redd Surveys","Active","1"
"163",NA,2023-10-24,2023-10-31,"Caswell RST","Active","1"
"164",NA,2023-10-24,2023-10-31,"Wallace Weir","Not Active","4"
"165",NA,2023-10-24,2023-10-31,"Butte Creek RST/Diversion Trap","Not Active/Active","4/1"
"166",NA,2023-10-31,2023-11-07,"SWP regular counts, CWT reading","Active","1"
"167",NA,2023-10-31,2023-11-07,"SWP larval sampling","Not Active","4"
"168",NA,2023-10-31,2023-11-07,"CVP regular counts, CWT reading","Active","1"
"169",NA,2023-10-31,2023-11-07,"CVP larval sampling","Not Active","4"
"170",NA,2023-10-31,2023-11-07,"Smelt Larval Survey","Not Active","4"
"171",NA,2023-10-31,2023-11-07,"LEPS","Not Active","4"
"172",NA,2023-10-31,2023-11-07,"20mm Survey","Not Active","4"
"173",NA,2023-10-31,2023-11-07,"Fall Mid-water Trawl","Active","1"
"174",NA,2023-10-31,2023-11-07,"Summer Townet Survey","Not Active","4"
"175",NA,2023-10-31,2023-11-07,"Bay Study","Active","1"
"176",NA,2023-10-31,2023-11-07,"DJFMP- Chipps and Sacramento Trawls","Active","1"
"177",NA,2023-10-31,2023-11-07,"DJFMP- Seines","Active","1"
"178",NA,2023-10-31,2023-11-07,"EDSM","Active","1"
"179",NA,2023-10-31,2023-11-07,"EMP","Active","1"
"180",NA,2023-10-31,2023-11-07,"Mossdale","Active","1"
"181",NA,2023-10-31,2023-11-07,"USGS Flow monitoring","Active","1"
"182",NA,2023-10-31,2023-11-07,"Red Bluff Diversion Dam Rotary Screw Trap (RST)","Active","1"
"183",NA,2023-10-31,2023-11-07,"Knights Landing RST","Active","1"
"184",NA,2023-10-31,2023-11-07,"Tisdale RST","Active","1"
"185",NA,2023-10-31,2023-11-07,"GCID RST","Not Active","4"
"186",NA,2023-10-31,2023-11-07,"Yuba River (Hallwood) RST","Not Active*","1"
"187",NA,2023-10-31,2023-11-07,"Redd dewatering and stranding surveys","Active","1"
"188",NA,2023-10-31,2023-11-07,"Sacramento Carcass and Redd Surveys","Active","1"
"189",NA,2023-10-31,2023-11-07,"Lower Sacramento RST","Active","1"
"190",NA,2023-10-31,2023-11-07,"Feather River (upper DWR) RST","Not Active","4"
"191",NA,2023-10-31,2023-11-07,"Feather River (lower CDFW) RST","Active","1"
"192",NA,2023-10-31,2023-11-07,"SJRRP CDFW Field Monitoring","Active","1"
"193",NA,2023-10-31,2023-11-07,"SJRRP USBR Field Monitoring","Active","1"
"194",NA,2023-10-31,2023-11-07,"Stanislaus Fish Weir","Active","1"
"195",NA,2023-10-31,2023-11-07,"American River Carcass/Redd Surveys","Active","1"
"196",NA,2023-10-31,2023-11-07,"Caswell RST","Active","1"
"197",NA,2023-10-31,2023-11-07,"Wallace Weir","Active","1"
"198",NA,2023-10-31,2023-11-07,"Butte Creek RST/Diversion Trap","Not Active/Active","4/1"
"199",NA,NA,NA,"SWP regular counts, CWT reading","Active","1"
"200",NA,NA,NA,"SWP larval sampling","Not Active","4"
"201",NA,NA,NA,"CVP regular counts, CWT reading","Active","1"
"202",NA,NA,NA,"CVP larval sampling","Not Active","4"
"203",NA,NA,NA,"Smelt Larval Survey","Not Active","4"
"204",NA,NA,NA,"LEPS","Not Active","4"
"205",NA,NA,NA,"20mm Survey","Not Active","4"
"206",NA,NA,NA,"Fall Mid-water Trawl","Active","1"
"207",NA,NA,NA,"Summer Townet Survey","Not Active","4"
"208",NA,NA,NA,"Bay Study","Active","1"
"209",NA,NA,NA,"DJFMP- Chipps and Sacramento Trawls","Active","1"
"210",NA,NA,NA,"DJFMP- Seines","Active","1"
"211",NA,NA,NA,"EDSM","Active","1"
"212",NA,NA,NA,"EMP","Active","1"
"213",NA,NA,NA,"Mossdale","Active","1"
"214",NA,NA,NA,"USGS Flow monitoring","Active","1"
"215",NA,NA,NA,"Red Bluff Diversion Dam Rotary Screw Trap (RST)","Active","1"
"216",NA,NA,NA,"Knights Landing RST","Active","1"
"217",NA,NA,NA,"Tisdale RST","Active","1"
"218",NA,NA,NA,"GCID RST","Not Active","4"
"219",NA,NA,NA,"Yuba River (Hallwood) RST","Active","1"
"220",NA,NA,NA,"Redd dewatering and stranding surveys","Active","1"
"221",NA,NA,NA,"Sacramento Carcass and Redd Surveys","Active","1"
"222",NA,NA,NA,"Lower Sacramento RST","Active","1"
"223",NA,NA,NA,"Feather River (upper DWR) RST","Not Active","4"
"224",NA,NA,NA,"Feather River (lower CDFW) RST","Active","1"
"225",NA,NA,NA,"SJRRP CDFW Field Monitoring","Active","1"
"226",NA,NA,NA,"SJRRP USBR Field Monitoring","Active","1"
"227",NA,NA,NA,"Stanislaus Fish Weir","Active","1"
"228",NA,NA,NA,"American River Carcass/Redd Surveys","Active","1"
"229",NA,NA,NA,"Caswell RST","Not Active","4"
"230",NA,NA,NA,"Wallace Weir","Active","1"
"231",NA,NA,NA,"Butte Creek RST/Diversion Trap","Active","1"
"232",NA,2023-11-14,2023-11-21,"SWP regular counts, CWT reading","Active","1"
"233",NA,2023-11-14,2023-11-21,"SWP larval sampling","Not Active","4"
"234",NA,2023-11-14,2023-11-21,"CVP regular counts, CWT reading","Active","1"
"235",NA,2023-11-14,2023-11-21,"CVP larval sampling","Not Active","4"
"236",NA,2023-11-14,2023-11-21,"Smelt Larval Survey","Not Active","4"
"237",NA,2023-11-14,2023-11-21,"LEPS","Not Active","4"
"238",NA,2023-11-14,2023-11-21,"20mm Survey","Not Active","4"
"239",NA,2023-11-14,2023-11-21,"Fall Mid-water Trawl","Active","1"
"240",NA,2023-11-14,2023-11-21,"Summer Townet Survey","Not Active","4"
"241",NA,2023-11-14,2023-11-21,"Bay Study","Active","1"
"242",NA,2023-11-14,2023-11-21,"DJFMP- Chipps and Sacramento Trawls","Active","1"
"243",NA,2023-11-14,2023-11-21,"DJFMP- Seines","Active","1"
"244",NA,2023-11-14,2023-11-21,"EDSM","Active","1"
"245",NA,2023-11-14,2023-11-21,"EMP","Active","1"
"246",NA,2023-11-14,2023-11-21,"Mossdale","Active","1"
"247",NA,2023-11-14,2023-11-21,"USGS Flow monitoring","Active","1"
"248",NA,2023-11-14,2023-11-21,"Red Bluff Diversion Dam Rotary Screw Trap (RST)","Active","1"
"249",NA,2023-11-14,2023-11-21,"Knights Landing RST","Active","1"
"250",NA,2023-11-14,2023-11-21,"Tisdale RST","Active","1"
"251",NA,2023-11-14,2023-11-21,"GCID RST","Not Active","4"
"252",NA,2023-11-14,2023-11-21,"Yuba River (Hallwood) RST","Active","1"
"253",NA,2023-11-14,2023-11-21,"Redd dewatering and stranding surveys","Active","1"
"254",NA,2023-11-14,2023-11-21,"Sacramento Carcass and Redd Surveys","Active","1"
"255",NA,2023-11-14,2023-11-21,"Lower Sacramento RST","Active","1"
"256",NA,2023-11-14,2023-11-21,"Feather River (upper DWR) RST","Not Active","4"
"257",NA,2023-11-14,2023-11-21,"Feather River (lower CDFW) RST","Active","1"
"258",NA,2023-11-14,2023-11-21,"SJRRP CDFW Field Monitoring","Active","1"
"259",NA,2023-11-14,2023-11-21,"SJRRP USBR Field Monitoring","Active","1"
"260",NA,2023-11-14,2023-11-21,"Stanislaus Fish Weir","Active","1"
"261",NA,2023-11-14,2023-11-21,"American River Carcass/Redd Surveys","Active","1"
"262",NA,2023-11-14,2023-11-21,"Caswell RST","Not Active","4"
"263",NA,2023-11-14,2023-11-21,"Wallace Weir","Active","1"
"264",NA,2023-11-14,2023-11-21,"Butte Creek RST/Diversion Trap","Active","1"
"265",NA,NA,NA,"SWP regular counts, CWT reading","Active","1"
"266",NA,NA,NA,"SWP larval sampling","Not Active","4"
"267",NA,NA,NA,"CVP regular counts, CWT reading","Active","1"
"268",NA,NA,NA,"CVP larval sampling","Not Active","4"
"269",NA,NA,NA,"Smelt Larval Survey","Not Active","4"
"270",NA,NA,NA,"LEPS","Not Active","4"
"271",NA,NA,NA,"20mm Survey","Not Active","4"
"272",NA,NA,NA,"Fall Mid-water Trawl","Active","1"
"273",NA,NA,NA,"Summer Townet Survey","Not Active","4"
"274",NA,NA,NA,"Bay Study","Active","1"
"275",NA,NA,NA,"DJFMP- Chipps and Sacramento Trawls","Active","1"
"276",NA,NA,NA,"DJFMP- Seines","Active","1"
"277",NA,NA,NA,"EDSM","Active","1"
"278",NA,NA,NA,"EMP","Active","1"
"279",NA,NA,NA,"Mossdale","Active","1"
"280",NA,NA,NA,"USGS Flow monitoring","Active","1"
"281",NA,NA,NA,"Red Bluff Diversion Dam Rotary Screw Trap (RST)","Active","1"
"282",NA,NA,NA,"Knights Landing RST","Active","1"
"283",NA,NA,NA,"Tisdale RST","Active","1"
"284",NA,NA,NA,"GCID RST","Not Active","4"
"285",NA,NA,NA,"Yuba River (Hallwood) RST","Active","1"
"286",NA,NA,NA,"Redd dewatering and stranding surveys","Active","1"
"287",NA,NA,NA,"Sacramento Carcass and Redd Surveys","Active","1"
"288",NA,NA,NA,"Lower Sacramento RST","Active","1"
"289",NA,NA,NA,"Feather River (upper DWR) RST","Not Active","4"
"290",NA,NA,NA,"Feather River (lower CDFW) RST","Active","1"
"291",NA,NA,NA,"SJRRP CDFW Field Monitoring","Active","1"
"292",NA,NA,NA,"SJRRP USBR Field Monitoring","Active","1"
"293",NA,NA,NA,"Stanislaus Fish Weir","Active","1"
"294",NA,NA,NA,"American River Carcass/Redd Surveys","Active","1"
"295",NA,NA,NA,"Caswell RST","Not Active","4"
"296",NA,NA,NA,"Wallace Weir","Active","1"
"297",NA,NA,NA,"Butte Creek RST/Diversion Trap","Active","1"
"298",NA,NA,NA,"SWP regular counts, CWT reading","Active","1"
"299",NA,NA,NA,"SWP larval sampling","Not Active","4"
"300",NA,NA,NA,"CVP regular counts, CWT reading","Active","1"
"301",NA,NA,NA,"CVP larval sampling","Not Active","4"
"302",NA,NA,NA,"Smelt Larval Survey","Not Active","4"
"303",NA,NA,NA,"LEPS","Not Active","4"
"304",NA,NA,NA,"20mm Survey","Not Active","4"
"305",NA,NA,NA,"Fall Mid-water Trawl","Active","1"
"306",NA,NA,NA,"Summer Townet Survey","Not Active","4"
"307",NA,NA,NA,"Bay Study","Active","1"
"308",NA,NA,NA,"DJFMP- Chipps and Sacramento Trawls","Active","1"
"309",NA,NA,NA,"DJFMP- Seines","Active","1"
"310",NA,NA,NA,"EDSM","Active","1"
"311",NA,NA,NA,"EMP","Active","1"
"312",NA,NA,NA,"Mossdale","Active","1"
"313",NA,NA,NA,"USGS Flow monitoring","Active","1"
"314",NA,NA,NA,"Red Bluff Diversion Dam Rotary Screw Trap (RST)","Active","1"
"315",NA,NA,NA,"Knights Landing RST","Active","1"
"316",NA,NA,NA,"Tisdale RST","Active","1"
"317",NA,NA,NA,"GCID RST","Not Active","4"
"318",NA,NA,NA,"Yuba River (Hallwood) RST","Active","1"
"319",NA,NA,NA,"Redd dewatering and stranding surveys","Active","1"
"320",NA,NA,NA,"Sacramento Carcass and Redd Surveys","Active","1"
"321",NA,NA,NA,"Lower Sacramento RST","Active","1"
"322",NA,NA,NA,"Feather River (upper DWR) RST","Active","1"
"323",NA,NA,NA,"Feather River (lower CDFW) RST","Active","1"
"324",NA,NA,NA,"SJRRP CDFW Field Monitoring","Active","1"
"325",NA,NA,NA,"SJRRP USBR Field Monitoring","Active","1"
"326",NA,NA,NA,"Stanislaus Fish Weir","Active","1"
"327",NA,NA,NA,"American River Carcass/Redd Surveys","Active","1"
"328",NA,NA,NA,"Caswell RST","Not Active","4"
"329",NA,NA,NA,"Wallace Weir","Active","1"
"330",NA,NA,NA,"Butte Creek RST/Diversion Trap","Active","1"
"331",NA,2023-12-05,2023-12-12,"SWP regular counts, CWT reading","Active","1"
"332",NA,2023-12-05,2023-12-12,"SWP larval sampling","Not Active","4"
"333",NA,2023-12-05,2023-12-12,"CVP regular counts, CWT reading","Active","1"
"334",NA,2023-12-05,2023-12-12,"CVP larval sampling","Not Active","4"
"335",NA,2023-12-05,2023-12-12,"Smelt Larval Survey","Active","1"
"336",NA,2023-12-05,2023-12-12,"LEPS","Not Active","4"
"337",NA,2023-12-05,2023-12-12,"20mm Survey","Not Active","4"
"338",NA,2023-12-05,2023-12-12,"Fall Mid-water Trawl","Active","1"
"339",NA,2023-12-05,2023-12-12,"Summer Townet Survey","Not Active","4"
"340",NA,2023-12-05,2023-12-12,"Bay Study","Active","1"
"341",NA,2023-12-05,2023-12-12,"DJFMP- Chipps and Sacramento Trawls","Active","1"
"342",NA,2023-12-05,2023-12-12,"DJFMP- Seines","Active","1"
"343",NA,2023-12-05,2023-12-12,"EDSM","Active","1"
"344",NA,2023-12-05,2023-12-12,"EMP","Active","1"
"345",NA,2023-12-05,2023-12-12,"Mossdale","Active","1"
"346",NA,2023-12-05,2023-12-12,"USGS Flow monitoring","Active","1"
"347",NA,2023-12-05,2023-12-12,"Red Bluff Diversion Dam Rotary Screw Trap (RST)","Active","1"
"348",NA,2023-12-05,2023-12-12,"Knights Landing RST","Active","1"
"349",NA,2023-12-05,2023-12-12,"Tisdale RST","Active","1"
"350",NA,2023-12-05,2023-12-12,"GCID RST","Not Active","4"
"351",NA,2023-12-05,2023-12-12,"Yuba River (Hallwood) RST","Active","1"
"352",NA,2023-12-05,2023-12-12,"Redd dewatering and stranding surveys","Active","1"
"353",NA,2023-12-05,2023-12-12,"Sacramento Carcass and Redd Surveys","Active","1"
"354",NA,2023-12-05,2023-12-12,"Lower Sacramento RST","Active","1"
"355",NA,2023-12-05,2023-12-12,"Feather River (upper DWR) RST","Active","1"
"356",NA,2023-12-05,2023-12-12,"Feather River (lower CDFW) RST","Active","1"
"357",NA,2023-12-05,2023-12-12,"SJRRP CDFW Field Monitoring","Active","1"
"358",NA,2023-12-05,2023-12-12,"SJRRP USBR Field Monitoring","Active","1"
"359",NA,2023-12-05,2023-12-12,"Stanislaus Fish Weir","Active","1"
"360",NA,2023-12-05,2023-12-12,"American River Carcass/Redd Surveys","Active","1"
"361",NA,2023-12-05,2023-12-12,"Caswell RST","Not Active","4"
"362",NA,2023-12-05,2023-12-12,"Wallace Weir","Active","1"
"363",NA,2023-12-05,2023-12-12,"Butte Creek RST/Diversion Trap","Active","1"
"364",NA,2023-12-12,2023-12-19,"SWP regular counts, CWT reading","Active","1"
"365",NA,2023-12-12,2023-12-19,"SWP larval sampling","Not Active","4"
"366",NA,2023-12-12,2023-12-19,"CVP regular counts, CWT reading","Active","1"
"367",NA,2023-12-12,2023-12-19,"CVP larval sampling","Not Active","4"
"368",NA,2023-12-12,2023-12-19,"Smelt Larval Survey","Active","1"
"369",NA,2023-12-12,2023-12-19,"LEPS","Not Active","4"
"370",NA,2023-12-12,2023-12-19,"20mm Survey","Not Active","4"
"371",NA,2023-12-12,2023-12-19,"Fall Mid-water Trawl","Active","1"
"372",NA,2023-12-12,2023-12-19,"Summer Townet Survey","Not Active","4"
"373",NA,2023-12-12,2023-12-19,"Bay Study","Active","1"
"374",NA,2023-12-12,2023-12-19,"DJFMP- Chipps and Sacramento Trawls","Active","1"
"375",NA,2023-12-12,2023-12-19,"DJFMP- Seines","Active","1"
"376",NA,2023-12-12,2023-12-19,"EDSM","Active","1"
"377",NA,2023-12-12,2023-12-19,"EMP","Active","1"
"378",NA,2023-12-12,2023-12-19,"Mossdale","Active","1"
"379",NA,2023-12-12,2023-12-19,"USGS Flow monitoring","Active","1"
"380",NA,2023-12-12,2023-12-19,"Red Bluff Diversion Dam Rotary Screw Trap (RST)","Active","1"
"381",NA,2023-12-12,2023-12-19,"Knights Landing RST","Active","1"
"382",NA,2023-12-12,2023-12-19,"Tisdale RST","Active","1"
"383",NA,2023-12-12,2023-12-19,"GCID RST","Not Active","4"
"384",NA,2023-12-12,2023-12-19,"Yuba River (Hallwood) RST","Active","1"
"385",NA,2023-12-12,2023-12-19,"Redd dewatering and stranding surveys","Active","1"
"386",NA,2023-12-12,2023-12-19,"Sacramento Carcass and Redd Surveys","Active","1"
"387",NA,2023-12-12,2023-12-19,"Lower Sacramento RST","Active","1"
"388",NA,2023-12-12,2023-12-19,"Feather River (upper DWR) RST","Active","1"
"389",NA,2023-12-12,2023-12-19,"Feather River (lower CDFW) RST","Active","1"
"390",NA,2023-12-12,2023-12-19,"SJRRP CDFW Field Monitoring","Active","1"
"391",NA,2023-12-12,2023-12-19,"SJRRP USBR Field Monitoring","Active","1"
"392",NA,2023-12-12,2023-12-19,"Stanislaus Fish Weir","Active","1"
"393",NA,2023-12-12,2023-12-19,"American River Carcass/Redd Surveys","Active","1"
"394",NA,2023-12-12,2023-12-19,"Caswell RST","Not Active","4"
"395",NA,2023-12-12,2023-12-19,"Wallace Weir","Active","1"
"396",NA,2023-12-12,2023-12-19,"Butte Creek RST/Diversion Trap","Active","1"
"397",NA,2023-12-19,2023-12-26,"SWP regular counts, CWT reading","Active","1"
"398",NA,2023-12-19,2023-12-26,"SWP larval sampling","Not Active","4"
"399",NA,2023-12-19,2023-12-26,"CVP regular counts, CWT reading","Active","1"
"400",NA,2023-12-19,2023-12-26,"CVP larval sampling","Not Active","4"
"401",NA,2023-12-19,2023-12-26,"Smelt Larval Survey","Active","1"
"402",NA,2023-12-19,2023-12-26,"LEPS","Not Active","4"
"403",NA,2023-12-19,2023-12-26,"20mm Survey","Not Active","4"
"404",NA,2023-12-19,2023-12-26,"Fall Mid-water Trawl","Not Active","4"
"405",NA,2023-12-19,2023-12-26,"Summer Townet Survey","Not Active","4"
"406",NA,2023-12-19,2023-12-26,"Bay Study","Active","1"
"407",NA,2023-12-19,2023-12-26,"DJFMP- Chipps and Sacramento Trawls","Active","1"
"408",NA,2023-12-19,2023-12-26,"DJFMP- Seines","Active","1"
"409",NA,2023-12-19,2023-12-26,"EDSM","Active","1"
"410",NA,2023-12-19,2023-12-26,"EMP","Active","1"
"411",NA,2023-12-19,2023-12-26,"Mossdale","Active","1"
"412",NA,2023-12-19,2023-12-26,"USGS Flow monitoring","Active","1"
"413",NA,2023-12-19,2023-12-26,"Red Bluff Diversion Dam Rotary Screw Trap (RST)","Active","1"
"414",NA,2023-12-19,2023-12-26,"Knights Landing RST","Active","1"
"415",NA,2023-12-19,2023-12-26,"Tisdale RST","Active","1"
"416",NA,2023-12-19,2023-12-26,"GCID RST","Not Active","4"
"417",NA,2023-12-19,2023-12-26,"Yuba River (Hallwood) RST","Active","1"
"418",NA,2023-12-19,2023-12-26,"Redd dewatering and stranding surveys","Active","1"
"419",NA,2023-12-19,2023-12-26,"Sacramento Carcass and Redd Surveys","Active","1"
"420",NA,2023-12-19,2023-12-26,"Lower Sacramento RST","Active","1"
"421",NA,2023-12-19,2023-12-26,"Feather River (upper DWR) RST","Active","1"
"422",NA,2023-12-19,2023-12-26,"Feather River (lower CDFW) RST","Active","1"
"423",NA,2023-12-19,2023-12-26,"SJRRP CDFW Field Monitoring","Active","1"
"424",NA,2023-12-19,2023-12-26,"SJRRP USBR Field Monitoring","Active","1"
"425",NA,2023-12-19,2023-12-26,"Stanislaus Fish Weir","Active","1"
"426",NA,2023-12-19,2023-12-26,"American River Carcass/Redd Surveys","Active","1"
"427",NA,2023-12-19,2023-12-26,"Caswell RST","Not Active","4"
"428",NA,2023-12-19,2023-12-26,"Wallace Weir","Active","1"
"429",NA,2023-12-19,2023-12-26,"Butte Creek RST/Diversion Trap","Active","1"
"430",NA,2023-12-26,2024-01-02,"SWP regular counts, CWT reading","Active","1"
"431",NA,2023-12-26,2024-01-02,"SWP larval sampling","Not Active","4"
"432",NA,2023-12-26,2024-01-02,"CVP regular counts, CWT reading","Active","1"
"433",NA,2023-12-26,2024-01-02,"CVP larval sampling","Not Active","4"
"434",NA,2023-12-26,2024-01-02,"Smelt Larval Survey","Active","1"
"435",NA,2023-12-26,2024-01-02,"LEPS","Active","1"
"436",NA,2023-12-26,2024-01-02,"20mm Survey","Not Active","4"
"437",NA,2023-12-26,2024-01-02,"Fall Mid-water Trawl","Not Active","4"
"438",NA,2023-12-26,2024-01-02,"Summer Townet Survey","Not Active","4"
"439",NA,2023-12-26,2024-01-02,"Bay Study","Active","1"
"440",NA,2023-12-26,2024-01-02,"DJFMP- Chipps and Sacramento Trawls","Active","1"
"441",NA,2023-12-26,2024-01-02,"DJFMP- Seines","Active","1"
"442",NA,2023-12-26,2024-01-02,"EDSM","Active","1"
"443",NA,2023-12-26,2024-01-02,"EMP","Active","1"
"444",NA,2023-12-26,2024-01-02,"Mossdale","Active","1"
"445",NA,2023-12-26,2024-01-02,"USGS Flow monitoring","Active","1"
"446",NA,2023-12-26,2024-01-02,"Red Bluff Diversion Dam Rotary Screw Trap (RST)","Active","1"
"447",NA,2023-12-26,2024-01-02,"Knights Landing RST","Active","1"
"448",NA,2023-12-26,2024-01-02,"Tisdale RST","Active","1"
"449",NA,2023-12-26,2024-01-02,"GCID RST","Not Active","4"
"450",NA,2023-12-26,2024-01-02,"Yuba River (Hallwood) RST","Active","1"
"451",NA,2023-12-26,2024-01-02,"Redd dewatering and stranding surveys","Active","1"
"452",NA,2023-12-26,2024-01-02,"Sacramento Carcass and Redd Surveys","Active","1"
"453",NA,2023-12-26,2024-01-02,"Lower Sacramento RST","Active","1"
"454",NA,2023-12-26,2024-01-02,"Feather River (upper DWR) RST","Active","1"
"455",NA,2023-12-26,2024-01-02,"Feather River (lower CDFW) RST","Active","1"
"456",NA,2023-12-26,2024-01-02,"SJRRP CDFW Field Monitoring","Active","1"
"457",NA,2023-12-26,2024-01-02,"SJRRP USBR Field Monitoring","Active","1"
"458",NA,2023-12-26,2024-01-02,"Stanislaus Fish Weir","Active","1"
"459",NA,2023-12-26,2024-01-02,"American River Carcass/Redd Surveys","Active","1"
"460",NA,2023-12-26,2024-01-02,"Caswell RST","Not Active","4"
"461",NA,2023-12-26,2024-01-02,"Wallace Weir","Active","1"
"462",NA,2023-12-26,2024-01-02,"Butte Creek RST/Diversion Trap","Active","1"
"463",NA,2024-01-02,2024-01-09,"SWP regular counts, CWT reading","Active","1"
"464",NA,2024-01-02,2024-01-09,"SWP larval sampling","Not Active","4"
"465",NA,2024-01-02,2024-01-09,"CVP regular counts, CWT reading","Active","1"
"466",NA,2024-01-02,2024-01-09,"CVP larval sampling","Not Active","4"
"467",NA,2024-01-02,2024-01-09,"Smelt Larval Survey","Active","1"
"468",NA,2024-01-02,2024-01-09,"LEPS","Active","1"
"469",NA,2024-01-02,2024-01-09,"20mm Survey","Not Active","4"
"470",NA,2024-01-02,2024-01-09,"Fall Mid-water Trawl","Not Active","4"
"471",NA,2024-01-02,2024-01-09,"Summer Townet Survey","Not Active","4"
"472",NA,2024-01-02,2024-01-09,"Bay Study","Active","1"
"473",NA,2024-01-02,2024-01-09,"DJFMP- Chipps and Sacramento Trawls","Active","1"
"474",NA,2024-01-02,2024-01-09,"DJFMP- Seines","Active","1"
"475",NA,2024-01-02,2024-01-09,"EDSM","Active","1"
"476",NA,2024-01-02,2024-01-09,"EMP","Active","1"
"477",NA,2024-01-02,2024-01-09,"Mossdale","Active","1"
"478",NA,2024-01-02,2024-01-09,"USGS Flow monitoring","Active","1"
"479",NA,2024-01-02,2024-01-09,"Red Bluff Diversion Dam Rotary Screw Trap (RST)","Active","1"
"480",NA,2024-01-02,2024-01-09,"Knights Landing RST","Active","1"
"481",NA,2024-01-02,2024-01-09,"Tisdale RST","Active","1"
"482",NA,2024-01-02,2024-01-09,"Yuba River (Hallwood) RST","Active","1"
"483",NA,2024-01-02,2024-01-09,"Redd dewatering and stranding surveys","Active","1"
"484",NA,2024-01-02,2024-01-09,"Sacramento Carcass and Redd Surveys","Active","1"
"485",NA,2024-01-02,2024-01-09,"Lower Sacramento RST","Active","1"
"486",NA,2024-01-02,2024-01-09,"Feather River (upper DWR) RST","Active","1"
"487",NA,2024-01-02,2024-01-09,"Feather River (lower CDFW) RST","Active","1"
"488",NA,2024-01-02,2024-01-09,"SJRRP CDFW Field Monitoring","Active","1"
"489",NA,2024-01-02,2024-01-09,"SJRRP USBR Field Monitoring","Active","1"
"490",NA,2024-01-02,2024-01-09,"Stanislaus Fish Weir","Active","1"
"491",NA,2024-01-02,2024-01-09,"American River Carcass/Redd Surveys","Active","1"
"492",NA,2024-01-02,2024-01-09,"Caswell RST","Not Active","4"
"493",NA,2024-01-02,2024-01-09,"Wallace Weir","Active","1"
"494",NA,2024-01-02,2024-01-09,"Butte Creek RST/Diversion Trap","Active","1"
"495",NA,2024-01-09,2024-01-16,"SWP regular counts, CWT reading","Active","1"
"496",NA,2024-01-09,2024-01-16,"SWP larval sampling","Not Active","4"
"497",NA,2024-01-09,2024-01-16,"CVP regular counts, CWT reading","Active","1"
"498",NA,2024-01-09,2024-01-16,"CVP larval sampling","Not Active","4"
"499",NA,2024-01-09,2024-01-16,"Smelt Larval Survey","Active","1"
"500",NA,2024-01-09,2024-01-16,"LEPS","Active","1"
"501",NA,2024-01-09,2024-01-16,"20mm Survey","Not Active","4"
"502",NA,2024-01-09,2024-01-16,"Fall Mid-water Trawl","Not Active","4"
"503",NA,2024-01-09,2024-01-16,"Summer Townet Survey","Not Active","4"
"504",NA,2024-01-09,2024-01-16,"Bay Study","Active","1"
"505",NA,2024-01-09,2024-01-16,"DJFMP- Chipps and Sacramento Trawls","Active","1"
"506",NA,2024-01-09,2024-01-16,"DJFMP- Seines","Active","1"
"507",NA,2024-01-09,2024-01-16,"EDSM","Active","1"
"508",NA,2024-01-09,2024-01-16,"EMP","Active","1"
"509",NA,2024-01-09,2024-01-16,"Mossdale","Active","1"
"510",NA,2024-01-09,2024-01-16,"USGS Flow monitoring","Active","1"
"511",NA,2024-01-09,2024-01-16,"Red Bluff Diversion Dam Rotary Screw Trap (RST)","Active","1"
"512",NA,2024-01-09,2024-01-16,"Knights Landing RST","Active","1"
"513",NA,2024-01-09,2024-01-16,"Tisdale RST","Active","1"
"514",NA,2024-01-09,2024-01-16,"Yuba River (Hallwood) RST","Active","1"
"515",NA,2024-01-09,2024-01-16,"Redd dewatering and stranding surveys","Active","1"
"516",NA,2024-01-09,2024-01-16,"Sacramento Carcass and Redd Surveys","Active","1"
"517",NA,2024-01-09,2024-01-16,"Lower Sacramento RST","Active","1"
"518",NA,2024-01-09,2024-01-16,"Feather River (upper DWR) RST","Active","1"
"519",NA,2024-01-09,2024-01-16,"Feather River (lower CDFW) RST","Active","1"
"520",NA,2024-01-09,2024-01-16,"SJRRP CDFW Field Monitoring","Active","1"
"521",NA,2024-01-09,2024-01-16,"SJRRP USBR Field Monitoring","Active","1"
"522",NA,2024-01-09,2024-01-16,"Stanislaus Fish Weir","Active","1"
"523",NA,2024-01-09,2024-01-16,"American River Carcass/Redd Surveys","Active","1"
"524",NA,2024-01-09,2024-01-16,"Caswell RST","Active","1"
"525",NA,2024-01-09,2024-01-16,"Wallace Weir","Active","1"
"526",NA,2024-01-09,2024-01-16,"Butte Creek RST/Diversion Trap","Active","1"
"527",NA,2024-01-16,2024-01-23,"SWP regular counts, CWT reading","Active","1"
"528",NA,2024-01-16,2024-01-23,"SWP larval sampling","Not Active","4"
"529",NA,2024-01-16,2024-01-23,"CVP regular counts, CWT reading","Partially interrupted (1/24)","2"
"530",NA,2024-01-16,2024-01-23,"CVP larval sampling","Not Active","4"
"531",NA,2024-01-16,2024-01-23,"Smelt Larval Survey","Active","1"
"532",NA,2024-01-16,2024-01-23,"LEPS","Active","1"
"533",NA,2024-01-16,2024-01-23,"20mm Survey","Not Active","4"
"534",NA,2024-01-16,2024-01-23,"Fall Mid-water Trawl","Not Active","4"
"535",NA,2024-01-16,2024-01-23,"Summer Townet Survey","Not Active","4"
"536",NA,2024-01-16,2024-01-23,"Bay Study","Active","1"
"537",NA,2024-01-16,2024-01-23,"DJFMP- Chipps and Sacramento Trawls","Active","1"
"538",NA,2024-01-16,2024-01-23,"DJFMP- Seines","Active","1"
"539",NA,2024-01-16,2024-01-23,"EDSM","Active","1"
"540",NA,2024-01-16,2024-01-23,"EMP","Active","1"
"541",NA,2024-01-16,2024-01-23,"Mossdale Trawl","Active","1"
"542",NA,2024-01-16,2024-01-23,"USGS Flow monitoring","Active","1"
"543",NA,2024-01-16,2024-01-23,"Red Bluff Diversion Dam Rotary Screw Trap (RST)","Active","1"
"544",NA,2024-01-16,2024-01-23,"Knights Landing RST","Active","1"
"545",NA,2024-01-16,2024-01-23,"Tisdale RST","Active","1"
"546",NA,2024-01-16,2024-01-23,"Yuba River (Hallwood) RST","Active","1"
"547",NA,2024-01-16,2024-01-23,"Redd dewatering and stranding surveys","Active","1"
"548",NA,2024-01-16,2024-01-23,"Sacramento Carcass and Redd Surveys (Late fall-run Chinook salmon)","Active","1"
"549",NA,2024-01-16,2024-01-23,"Lower Sacramento RST","Partially Interrupted (Inactive due to high flows from 1/14/24-1/15/24)","2"
"550",NA,2024-01-16,2024-01-23,"Feather River (upper DWR) RST","Active","1"
"551",NA,2024-01-16,2024-01-23,"Feather River (lower CDFW) RST","Active","1"
"552",NA,2024-01-16,2024-01-23,"SJRRP CDFW Field Monitoring","Active","1"
"553",NA,2024-01-16,2024-01-23,"SJRRP USBR Field Monitoring","Active","1"
"554",NA,2024-01-16,2024-01-23,"Stanislaus Fish Weir","Active","1"
"555",NA,2024-01-16,2024-01-23,"American River Carcass/Redd Surveys (Fall-run Chinook salmon)","Active","1"
"556",NA,2024-01-16,2024-01-23,"Stanislaus Carcass Survey (Steelhead/Fall-run Chinook salmon)","Active","1"
"557",NA,2024-01-16,2024-01-23,"Caswell RST","Active","1"
"558",NA,2024-01-16,2024-01-23,"Wallace Weir","Active","1"
"559",NA,2024-01-16,2024-01-23,"Butte Creek RST/Diversion Trap","Active","1"
"560",NA,NA,NA,"SWP regular counts, CWT reading","Active","1"
"561",NA,NA,NA,"SWP larval sampling","Not Active","4"
"562",NA,NA,NA,"CVP regular counts, CWT reading","Active","1"
"563",NA,NA,NA,"CVP larval sampling","Not Active","4"
"564",NA,NA,NA,"Smelt Larval Survey","Active","1"
"565",NA,NA,NA,"LEPS","Active","1"
"566",NA,NA,NA,"20mm Survey","Not Active","4"
"567",NA,NA,NA,"Fall Mid-water Trawl","Not Active","4"
"568",NA,NA,NA,"Summer Townet Survey","Not Active","4"
"569",NA,NA,NA,"Bay Study","Active","1"
"570",NA,NA,NA,"DJFMP- Chipps and Sacramento Trawls","Active","1"
"571",NA,NA,NA,"DJFMP- Seines","Active","1"
"572",NA,NA,NA,"EDSM","Active","1"
"573",NA,NA,NA,"Environmental Monitoring Program (EMP)","Active","1"
"574",NA,NA,NA,"Mossdale Trawl","Active","1"
"575",NA,NA,NA,"USGS Flow monitoring","Active","1"
"576",NA,NA,NA,"Red Bluff Diversion Dam Rotary Screw Trap (RST)","Active","1"
"577",NA,NA,NA,"Knights Landing RST","Active","1"
"578",NA,NA,NA,"Tisdale RST","Active","1"
"579",NA,NA,NA,"Yuba River (Hallwood) RST","Active","1"
"580",NA,NA,NA,"Redd dewatering and stranding surveys","Active","1"
"581",NA,NA,NA,"Sacramento Carcass and Redd Surveys (Late fall-run Chinook salmon)","Active","1"
"582",NA,NA,NA,"Lower Sacramento RST","Partially Interrupted (Inactive due to high flows from 1/21/24-1/29/24)","2"
"583",NA,NA,NA,"Feather River (upper DWR) RST","Active","1"
"584",NA,NA,NA,"Feather River (lower CDFW) RST","Active","1"
"585",NA,NA,NA,"Lower American River at Watt Ave RST","Active","1"
"586",NA,NA,NA,"SJRRP CDFW Field Monitoring","Active","1"
"587",NA,NA,NA,"SJRRP USBR Field Monitoring","Active","1"
"588",NA,NA,NA,"Stanislaus Fish Weir","Active","1"
"589",NA,NA,NA,"American River Carcass/Redd Surveys (Fall-run Chinook salmon)","Not Active","4"
"590",NA,NA,NA,"Stanislaus Carcass Survey (Steelhead)","Active","1"
"591",NA,NA,NA,"Caswell RST","Active","1"
"592",NA,NA,NA,"Wallace Weir","Active","1"
"593",NA,NA,NA,"Butte Creek RST/Diversion Trap","Active","1"
"594",NA,2024-01-30,2024-02-06,"SWP regular counts, CWT reading","Active","1"
"595",NA,2024-01-30,2024-02-06,"SWP larval sampling","Not Active (Will begin 2/26)","4"
"596",NA,2024-01-30,2024-02-06,"CVP regular counts, CWT reading","Active","1"
"597",NA,2024-01-30,2024-02-06,"CVP larval sampling","Not Active (Will begin 2/20)","4"
"598",NA,2024-01-30,2024-02-06,"Smelt Larval Survey","Active","1"
"599",NA,2024-01-30,2024-02-06,"LEPS","Active","1"
"600",NA,2024-01-30,2024-02-06,"20mm Survey","Not Active","4"
"601",NA,2024-01-30,2024-02-06,"Fall Mid-water Trawl","Not Active","4"
"602",NA,2024-01-30,2024-02-06,"Summer Townet Survey","Not Active","4"
"603",NA,2024-01-30,2024-02-06,"Bay Study","Active","1"
"604",NA,2024-01-30,2024-02-06,"DJFMP- Chipps and Sacramento Trawls","Active","1"
"605",NA,2024-01-30,2024-02-06,"DJFMP- Seines","Active","1"
"606",NA,2024-01-30,2024-02-06,"EDSM","Active","1"
"607",NA,2024-01-30,2024-02-06,"Environmental Monitoring Program (EMP)","Active","1"
"608",NA,2024-01-30,2024-02-06,"Mossdale Trawl","Active","1"
"609",NA,2024-01-30,2024-02-06,"USGS Flow monitoring","Active","1"
"610",NA,2024-01-30,2024-02-06,"Red Bluff Diversion Dam Rotary Screw Trap (RST)","Active","1"
"611",NA,2024-01-30,2024-02-06,"Knights Landing RST","Partially Interrupted (Inactive due to high flows from 1/30/24 - 2/5/24)","2"
"612",NA,2024-01-30,2024-02-06,"Tisdale RST","Partially Interrupted (Inactive due to high flows from 2/1/24 - 2/2/24)","2"
"613",NA,2024-01-30,2024-02-06,"Yuba River (Hallwood) RST","Active","1"
"614",NA,2024-01-30,2024-02-06,"Redd dewatering and stranding surveys","Active","1"
"615",NA,2024-01-30,2024-02-06,"Sacramento Carcass and Redd Surveys (Late fall-run Chinook salmon)","Active","1"
"616",NA,2024-01-30,2024-02-06,"Lower Sacramento RST","Partially Interrupted (Inactive due to high flows from 1/31/24-2/5/24)","2"
"617",NA,2024-01-30,2024-02-06,"Feather River (upper DWR) RST","Active","1"
"618",NA,2024-01-30,2024-02-06,"Feather River (lower CDFW) RST","Active","1"
"619",NA,2024-01-30,2024-02-06,"Lower American River at Watt Ave RST","Active","1"
"620",NA,2024-01-30,2024-02-06,"SJRRP CDFW Field Monitoring","Active","1"
"621",NA,2024-01-30,2024-02-06,"SJRRP USBR Field Monitoring","Active","1"
"622",NA,2024-01-30,2024-02-06,"Stanislaus Fish Weir","Active","1"
"623",NA,2024-01-30,2024-02-06,"American River Carcass/Redd Surveys (Fall-run Chinook salmon)","Not Active","4"
"624",NA,2024-01-30,2024-02-06,"Stanislaus Carcass Survey (Steelhead)","Active","1"
"625",NA,2024-01-30,2024-02-06,"Caswell RST","Active","1"
"626",NA,2024-01-30,2024-02-06,"Wallace Weir","Active","1"
"627",NA,2024-01-30,2024-02-06,"Butte Creek RST/Diversion Trap","Active","1"
"628",NA,2024-02-06,2024-02-13,"SWP regular counts, CWT reading","Active","1"
"629",NA,2024-02-06,2024-02-13,"SWP larval sampling","Not Active (Will begin 2/26)","4"
"630",NA,2024-02-06,2024-02-13,"CVP regular counts, CWT reading","Active","1"
"631",NA,2024-02-06,2024-02-13,"CVP larval sampling","Not Active (Will begin 2/20)","4"
"632",NA,2024-02-06,2024-02-13,"Smelt Larval Survey","Active","1"
"633",NA,2024-02-06,2024-02-13,"LEPS","Active","1"
"634",NA,2024-02-06,2024-02-13,"20mm Survey","Not Active","4"
"635",NA,2024-02-06,2024-02-13,"Fall Mid-water Trawl","Not Active","4"
"636",NA,2024-02-06,2024-02-13,"Summer Townet Survey","Not Active","4"
"637",NA,2024-02-06,2024-02-13,"Bay Study","Active","1"
"638",NA,2024-02-06,2024-02-13,"DJFMP- Chipps and Sacramento Trawls","Active","1"
"639",NA,2024-02-06,2024-02-13,"DJFMP- Seines","Active","1"
"640",NA,2024-02-06,2024-02-13,"EDSM","Active","1"
"641",NA,2024-02-06,2024-02-13,"Environmental Monitoring Program (EMP)","Active","1"
"642",NA,2024-02-06,2024-02-13,"Mossdale Trawl","Active","1"
"643",NA,2024-02-06,2024-02-13,"USGS Flow monitoring","Active","1"
"644",NA,2024-02-06,2024-02-13,"Red Bluff Diversion Dam Rotary Screw Trap (RST)","Active","1"
"645",NA,2024-02-06,2024-02-13,"Knights Landing RST","Active (Inactive due to high flows from 1/31/24 - 2//24)","1"
"646",NA,2024-02-06,2024-02-13,"Tisdale RST","Active(Inactive due to high flows from 2/6/24 - 2/8/24)","1"
"647",NA,2024-02-06,2024-02-13,"Yuba River (Hallwood) RST","Active","1"
"648",NA,2024-02-06,2024-02-13,"Redd dewatering and stranding surveys","Active","1"
"649",NA,2024-02-06,2024-02-13,"Sacramento Carcass and Redd Surveys (Late fall-run Chinook salmon)","Active","1"
"650",NA,2024-02-06,2024-02-13,"Lower Sacramento RST","Active  (Inactive due to high flows from (2/5/24-2/6/24 and only trapping during the day and raising cones at night","1"
"651",NA,2024-02-06,2024-02-13,"Feather River (upper DWR) RST","Active","1"
"652",NA,2024-02-06,2024-02-13,"Feather River (lower CDFW) RST","Active (Fishing at half cone)","1"
"653",NA,2024-02-06,2024-02-13,"Lower American River at Watt Ave RST","Active","1"
"654",NA,2024-02-06,2024-02-13,"SJRRP CDFW Field Monitoring","Active","1"
"655",NA,2024-02-06,2024-02-13,"SJRRP USBR Field Monitoring","Active","1"
"656",NA,2024-02-06,2024-02-13,"Stanislaus Fish Weir","Active","1"
"657",NA,2024-02-06,2024-02-13,"American River Carcass/Redd Surveys (Fall-run Chinook salmon)","Not Active","4"
"658",NA,2024-02-06,2024-02-13,"Stanislaus Carcass Survey (Steelhead)","Active","1"
"659",NA,2024-02-06,2024-02-13,"Caswell RST","Active","1"
"660",NA,2024-02-06,2024-02-13,"Wallace Weir","Active","1"
"661",NA,2024-02-06,2024-02-13,"Butte Creek RST/Diversion Trap","Active","1"
"662",NA,2024-02-13,2024-02-20,"SWP regular counts, CWT reading","Active","1"
"663",NA,2024-02-13,2024-02-20,"SWP larval sampling","Not Active (Will begin 2/26)","4"
"664",NA,2024-02-13,2024-02-20,"CVP regular counts, CWT reading","Active","1"
"665",NA,2024-02-13,2024-02-20,"CVP larval sampling","Active","1"
"666",NA,2024-02-13,2024-02-20,"Smelt Larval Survey","Active","1"
"667",NA,2024-02-13,2024-02-20,"LEPS","Active","1"
"668",NA,2024-02-13,2024-02-20,"20mm Survey","Not Active","4"
"669",NA,2024-02-13,2024-02-20,"Fall Mid-water Trawl","Not Active","4"
"670",NA,2024-02-13,2024-02-20,"Summer Townet Survey","Not Active","4"
"671",NA,2024-02-13,2024-02-20,"Bay Study","Active","1"
"672",NA,2024-02-13,2024-02-20,"DJFMP- Chipps and Sacramento Trawls","Not active (will restart next week)","4"
"673",NA,2024-02-13,2024-02-20,"DJFMP- Seines","Not active (will restart next week)","4"
"674",NA,2024-02-13,2024-02-20,"EDSM","Not active (will restart next week)","4"
"675",NA,2024-02-13,2024-02-20,"Environmental Monitoring Program (EMP)","Active","1"
"676",NA,2024-02-13,2024-02-20,"Mossdale Trawl","Active","1"
"677",NA,2024-02-13,2024-02-20,"USGS Flow monitoring","Active","1"
"678",NA,2024-02-13,2024-02-20,"Red Bluff Diversion Dam Rotary Screw Trap (RST)","Active","1"
"679",NA,2024-02-13,2024-02-20,"Knights Landing RST","Active","1"
"680",NA,2024-02-13,2024-02-20,"Tisdale RST","Active","1"
"681",NA,2024-02-13,2024-02-20,"Yuba River (Hallwood) RST","Active","1"
"682",NA,2024-02-13,2024-02-20,"Redd dewatering and stranding surveys","Active","1"
"683",NA,2024-02-13,2024-02-20,"Sacramento Carcass and Redd Surveys (Late fall-run Chinook salmon)","Active","1"
"684",NA,2024-02-13,2024-02-20,"Lower Sacramento RST","Active (Inactive on 2/19)","1"
"685",NA,2024-02-13,2024-02-20,"Feather River (upper DWR) RST","Active","1"
"686",NA,2024-02-13,2024-02-20,"Feather River (lower CDFW) RST","Not Active","4"
"687",NA,2024-02-13,2024-02-20,"Lower American River at Watt Ave RST","Active (Inactive 2/6 - 2/15 due to heavy debris)","1"
"688",NA,2024-02-13,2024-02-20,"SJRRP CDFW Field Monitoring","Active","1"
"689",NA,2024-02-13,2024-02-20,"SJRRP USBR Field Monitoring","Active","1"
"690",NA,2024-02-13,2024-02-20,"Stanislaus Fish Weir","Active","1"
"691",NA,2024-02-13,2024-02-20,"American River Carcass/Redd Surveys (Fall-run Chinook salmon)","Not Active","4"
"692",NA,2024-02-13,2024-02-20,"Stanislaus Carcass Survey (Steelhead)","Active","1"
"693",NA,2024-02-13,2024-02-20,"Caswell RST","Active","1"
"694",NA,2024-02-13,2024-02-20,"Wallace Weir","Active","1"
"695",NA,2024-02-13,2024-02-20,"Butte Creek RST/Diversion Trap","Active","1"
"696",NA,2024-02-20,2024-02-27,"SWP regular counts, CWT reading","Active","1"
"697",NA,2024-02-20,2024-02-27,"SWP larval sampling","Not Active (Will begin 3/11)","4"
"698",NA,2024-02-20,2024-02-27,"CVP regular counts, CWT reading","Active","1"
"699",NA,2024-02-20,2024-02-27,"CVP larval sampling","Active","1"
"700",NA,2024-02-20,2024-02-27,"Smelt Larval Survey","Active","1"
"701",NA,2024-02-20,2024-02-27,"LEPS","Active","1"
"702",NA,2024-02-20,2024-02-27,"20mm Survey","Not Active","4"
"703",NA,2024-02-20,2024-02-27,"Fall Mid-water Trawl","Not Active","4"
"704",NA,2024-02-20,2024-02-27,"Summer Townet Survey","Not Active","4"
"705",NA,2024-02-20,2024-02-27,"Bay Study","Active","1"
"706",NA,2024-02-20,2024-02-27,"DJFMP- Chipps and Sacramento Trawls","Active","1"
"707",NA,2024-02-20,2024-02-27,"DJFMP- Seines","Active","1"
"708",NA,2024-02-20,2024-02-27,"EDSM","Active","1"
"709",NA,2024-02-20,2024-02-27,"Environmental Monitoring Program (EMP)","Active","1"
"710",NA,2024-02-20,2024-02-27,"Mossdale Trawl","Active","1"
"711",NA,2024-02-20,2024-02-27,"USGS Flow monitoring","Active","1"
"712",NA,2024-02-20,2024-02-27,"Red Bluff Diversion Dam Rotary Screw Trap (RST)","Active","1"
"713",NA,2024-02-20,2024-02-27,"Knights Landing RST","Active","1"
"714",NA,2024-02-20,2024-02-27,"Tisdale RST","Active","1"
"715",NA,2024-02-20,2024-02-27,"Yuba River (Hallwood) RST","Active","1"
"716",NA,2024-02-20,2024-02-27,"Redd dewatering and stranding surveys","Active","1"
"717",NA,2024-02-20,2024-02-27,"Sacramento Carcass and Redd Surveys (Late fall-run Chinook salmon)","Active","1"
"718",NA,2024-02-20,2024-02-27,"Lower Sacramento RST","Active","1"
"719",NA,2024-02-20,2024-02-27,"Feather River (upper DWR) RST","Active","1"
"720",NA,2024-02-20,2024-02-27,"Feather River (lower CDFW) RST","Active","1"
"721",NA,2024-02-20,2024-02-27,"Lower American River at Watt Ave RST","Not Active (as of 2/18 due to heavy debris)","4"
"722",NA,2024-02-20,2024-02-27,"SJRRP CDFW Field Monitoring","Active","1"
"723",NA,2024-02-20,2024-02-27,"SJRRP USBR Field Monitoring","Active","1"
"724",NA,2024-02-20,2024-02-27,"Stanislaus Fish Weir","Active","1"
"725",NA,2024-02-20,2024-02-27,"American River Carcass/Redd Surveys (Fall-run Chinook salmon)","Not Active","4"
"726",NA,2024-02-20,2024-02-27,"Stanislaus Carcass Survey (Steelhead)","Active","1"
"727",NA,2024-02-20,2024-02-27,"Caswell RST","Active","1"
"728",NA,2024-02-20,2024-02-27,"Wallace Weir","Active","1"
"729",NA,2024-02-20,2024-02-27,"Butte Creek RST/Diversion Trap","Active","1"
"730",NA,NA,NA,"SWP regular counts, CWT reading","Active","1"
"731",NA,NA,NA,"SWP larval sampling","Not Active (Will begin 3/11)","4"
"732",NA,NA,NA,"CVP regular counts, CWT reading","Active","1"
"733",NA,NA,NA,"CVP larval sampling","Active","1"
"734",NA,NA,NA,"Smelt Larval Survey","Active","1"
"735",NA,NA,NA,"LEPS","Active","1"
"736",NA,NA,NA,"20mm Survey","Not Active","4"
"737",NA,NA,NA,"Fall Mid-water Trawl","Not Active","4"
"738",NA,NA,NA,"Summer Townet Survey","Not Active","4"
"739",NA,NA,NA,"Bay Study","Active","1"
"740",NA,NA,NA,"DJFMP- Chipps and Sacramento Trawls","Active","1"
"741",NA,NA,NA,"DJFMP- Seines","Active","1"
"742",NA,NA,NA,"EDSM","Active","1"
"743",NA,NA,NA,"Environmental Monitoring Program (EMP)","Active","1"
"744",NA,NA,NA,"Mossdale Trawl","Active","1"
"745",NA,NA,NA,"USGS Flow monitoring","Active","1"
"746",NA,NA,NA,"Red Bluff Diversion Dam Rotary Screw Trap (RST)","Active","1"
"747",NA,NA,NA,"Knights Landing RST","Active","1"
"748",NA,NA,NA,"Tisdale RST","Active","1"
"749",NA,NA,NA,"Yuba River (Hallwood) RST","Active","1"
"750",NA,NA,NA,"Redd dewatering and stranding surveys","Active","1"
"751",NA,NA,NA,"Sacramento Carcass and Redd Surveys (Late fall-run Chinook salmon)","Active","1"
"752",NA,NA,NA,"Lower Sacramento RST","Active","1"
"753",NA,NA,NA,"Feather River (upper DWR) RST","Active","1"
"754",NA,NA,NA,"Feather River (lower CDFW) RST","Active","1"
"755",NA,NA,NA,"Lower American River at Watt Ave RST","Active","1"
"756",NA,NA,NA,"SJRRP CDFW Field Monitoring","Active","1"
"757",NA,NA,NA,"SJRRP USBR Field Monitoring","Active","1"
"758",NA,NA,NA,"Stanislaus Fish Weir","Active","1"
"759",NA,NA,NA,"American River Carcass/Redd Surveys (Fall-run Chinook salmon)","Not Active","4"
"760",NA,NA,NA,"Stanislaus Carcass Survey (Steelhead)","Active","1"
"761",NA,NA,NA,"Caswell RST","Active","1"
"762",NA,NA,NA,"Wallace Weir","Active","1"
"763",NA,NA,NA,"Butte Creek RST/Diversion Trap","Active","1"
"764",NA,2024-03-05,2024-03-12,"SWP regular counts, CWT reading","Active","1"
"765",NA,2024-03-05,2024-03-12,"SWP larval sampling","Active","1"
"766",NA,2024-03-05,2024-03-12,"CVP regular counts, CWT reading","Active","1"
"767",NA,2024-03-05,2024-03-12,"CVP larval sampling","Active","1"
"768",NA,2024-03-05,2024-03-12,"Smelt Larval Survey","Active","1"
"769",NA,2024-03-05,2024-03-12,"LEPS","Active","1"
"770",NA,2024-03-05,2024-03-12,"20mm Survey","Not Active (will begin on 3/18)","4"
"771",NA,2024-03-05,2024-03-12,"Fall Mid-water Trawl","Not Active","4"
"772",NA,2024-03-05,2024-03-12,"Summer Townet Survey","Not Active","4"
"773",NA,2024-03-05,2024-03-12,"Bay Study","Active","1"
"774",NA,2024-03-05,2024-03-12,"DJFMP- Chipps and Sacramento Trawls","Active","1"
"775",NA,2024-03-05,2024-03-12,"DJFMP- Seines","Active","1"
"776",NA,2024-03-05,2024-03-12,"EDSM","Active","1"
"777",NA,2024-03-05,2024-03-12,"Environmental Monitoring Program (EMP)","Active","1"
"778",NA,2024-03-05,2024-03-12,"Mossdale Trawl","Active","1"
"779",NA,2024-03-05,2024-03-12,"USGS Flow monitoring","Active","1"
"780",NA,2024-03-05,2024-03-12,"Red Bluff Diversion Dam Rotary Screw Trap (RST)","Active","1"
"781",NA,2024-03-05,2024-03-12,"Knights Landing RST","Active","1"
"782",NA,2024-03-05,2024-03-12,"Tisdale RST","Active","1"
"783",NA,2024-03-05,2024-03-12,"Yuba River (Hallwood) RST","Active","1"
"784",NA,2024-03-05,2024-03-12,"Redd dewatering and stranding surveys","Active","1"
"785",NA,2024-03-05,2024-03-12,"Sacramento Carcass and Redd Surveys (Late fall-run Chinook salmon)","Active","1"
"786",NA,2024-03-05,2024-03-12,"Lower Sacramento RST","Active","1"
"787",NA,2024-03-05,2024-03-12,"Feather River (upper DWR) RST","Active","1"
"788",NA,2024-03-05,2024-03-12,"Feather River (lower CDFW) RST","Active","1"
"789",NA,2024-03-05,2024-03-12,"Lower American River at Watt Ave RST","Active","1"
"790",NA,2024-03-05,2024-03-12,"SJRRP CDFW Field Monitoring","Active","1"
"791",NA,2024-03-05,2024-03-12,"SJRRP USBR Field Monitoring","Active","1"
"792",NA,2024-03-05,2024-03-12,"Stanislaus Fish Weir","Active","1"
"793",NA,2024-03-05,2024-03-12,"American River Carcass/Redd Surveys (Fall-run Chinook salmon)","Not Active","4"
"794",NA,2024-03-05,2024-03-12,"Stanislaus Carcass Survey (Steelhead)","Active","1"
"795",NA,2024-03-05,2024-03-12,"Caswell RST","Active","1"
"796",NA,2024-03-05,2024-03-12,"Wallace Weir","Active","1"
"797",NA,2024-03-05,2024-03-12,"Butte Creek RST/Diversion Trap","Active","1"
"798",NA,2024-03-12,2024-03-19,"SWP regular counts, CWT reading","Active","1"
"799",NA,2024-03-12,2024-03-19,"SWP larval sampling","Active","1"
"800",NA,2024-03-12,2024-03-19,"CVP regular counts, CWT reading","Active","1"
"801",NA,2024-03-12,2024-03-19,"CVP larval sampling","Active","1"
"802",NA,2024-03-12,2024-03-19,"Smelt Larval Survey","Active","1"
"803",NA,2024-03-12,2024-03-19,"LEPS","Active","1"
"804",NA,2024-03-12,2024-03-19,"20mm Survey","Active","1"
"805",NA,2024-03-12,2024-03-19,"Fall Mid-water Trawl","Not Active","4"
"806",NA,2024-03-12,2024-03-19,"Summer Townet Survey","Not Active","4"
"807",NA,2024-03-12,2024-03-19,"Bay Study","Active","1"
"808",NA,2024-03-12,2024-03-19,"DJFMP- Chipps and Sacramento Trawls","Active","1"
"809",NA,2024-03-12,2024-03-19,"DJFMP- Seines","Active","1"
"810",NA,2024-03-12,2024-03-19,"EDSM","Active","1"
"811",NA,2024-03-12,2024-03-19,"Environmental Monitoring Program (EMP)","Active","1"
"812",NA,2024-03-12,2024-03-19,"Mossdale Trawl","Active","1"
"813",NA,2024-03-12,2024-03-19,"USGS Flow monitoring","Active","1"
"814",NA,2024-03-12,2024-03-19,"Red Bluff Diversion Dam Rotary Screw Trap (RST)","Active","1"
"815",NA,2024-03-12,2024-03-19,"Knights Landing RST","Active","1"
"816",NA,2024-03-12,2024-03-19,"Tisdale RST","Partial Interruption (interrupted 3/17-18)","2"
"817",NA,2024-03-12,2024-03-19,"Yuba River (Hallwood) RST","Active","1"
"818",NA,2024-03-12,2024-03-19,"Redd dewatering and stranding surveys","Active","1"
"819",NA,2024-03-12,2024-03-19,"Sacramento Carcass and Redd Surveys (Late fall-run Chinook salmon)","Active","1"
"820",NA,2024-03-12,2024-03-19,"Lower Sacramento RST","Active","1"
"821",NA,2024-03-12,2024-03-19,"Feather River (upper DWR) RST","Active (trapping at half cone on 3/14-15)","1"
"822",NA,2024-03-12,2024-03-19,"Feather River (lower CDFW) RST","Active","1"
"823",NA,2024-03-12,2024-03-19,"Lower American River at Watt Ave RST","Active","1"
"824",NA,2024-03-12,2024-03-19,"SJRRP CDFW Field Monitoring","Active","1"
"825",NA,2024-03-12,2024-03-19,"SJRRP USBR Field Monitoring","Active","1"
"826",NA,2024-03-12,2024-03-19,"Stanislaus Fish Weir","Active","1"
"827",NA,2024-03-12,2024-03-19,"American River Carcass/Redd Surveys (Fall-run Chinook salmon)","Not Active","4"
"828",NA,2024-03-12,2024-03-19,"Stanislaus Carcass Survey (Steelhead)","Active","1"
"829",NA,2024-03-12,2024-03-19,"Caswell RST","Active","1"
"830",NA,2024-03-12,2024-03-19,"Wallace Weir","Active","1"
"831",NA,2024-03-12,2024-03-19,"Butte Creek RST/Diversion Trap","Active","1"
"832",NA,NA,NA,"SWP regular counts, CWT reading","Active","1"
"833",NA,NA,NA,"SWP larval sampling","Active","1"
"834",NA,NA,NA,"CVP regular counts, CWT reading","Partial","2"
"835",NA,NA,NA,"CVP larval sampling","Partial","2"
"836",NA,NA,NA,"Smelt Larval Survey","Not Active","4"
"837",NA,NA,NA,"LEPS","Active","1"
"838",NA,NA,NA,"20mm Survey","Active","1"
"839",NA,NA,NA,"Fall Mid-water Trawl","Not Active","4"
"840",NA,NA,NA,"Summer Townet Survey","Not Active","4"
"841",NA,NA,NA,"Bay Study","Active","1"
"842",NA,NA,NA,"DJFMP- Chipps and Sacramento Trawls","Active","1"
"843",NA,NA,NA,"DJFMP- Seines","Active","1"
"844",NA,NA,NA,"EDSM","Active","1"
"845",NA,NA,NA,"Environmental Monitoring Program (EMP)","Active","1"
"846",NA,NA,NA,"Mossdale Trawl","Active","1"
"847",NA,NA,NA,"USGS Flow monitoring","Active","1"
"848",NA,NA,NA,"Red Bluff Diversion Dam Rotary Screw Trap (RST)","Active","1"
"849",NA,NA,NA,"Knights Landing RST","Active","1"
"850",NA,NA,NA,"Tisdale RST","Active","2"
"851",NA,NA,NA,"Yuba River (Hallwood) RST","Active","1"
"852",NA,NA,NA,"Redd dewatering and stranding surveys","Active","1"
"853",NA,NA,NA,"Sacramento Carcass and Redd Surveys (Late fall-run Chinook salmon)","Active","1"
"854",NA,NA,NA,"Lower Sacramento RST","Active (inactive 3/19-3/21)","1"
"855",NA,NA,NA,"Feather River (upper DWR) RST","Active","1"
"856",NA,NA,NA,"Feather River (lower CDFW) RST","Active (half cone 3/16 - 3/20)","1"
"857",NA,NA,NA,"Lower American River at Watt Ave RST","Active","1"
"858",NA,NA,NA,"SJRRP CDFW Field Monitoring","Active","1"
"859",NA,NA,NA,"SJRRP USBR Field Monitoring","Active","1"
"860",NA,NA,NA,"Stanislaus Fish Weir","Active","1"
"861",NA,NA,NA,"American River Carcass/Redd Surveys (Fall-run Chinook salmon)","Not Active","4"
"862",NA,NA,NA,"Stanislaus Redd Survey (Steelhead)","Active","1"
"863",NA,NA,NA,"Caswell RST","Active","1"
"864",NA,NA,NA,"Wallace Weir","Active","1"
"865",NA,NA,NA,"Butte Creek RST/Diversion Trap","Active","1"
"866",NA,2024-03-26,2024-04-02,"SWP regular counts, CWT reading","Active","1"
"867",NA,2024-03-26,2024-04-02,"SWP larval sampling","Active","1"
"868",NA,2024-03-26,2024-04-02,"CVP regular counts, CWT reading","Active","1"
"869",NA,2024-03-26,2024-04-02,"CVP larval sampling","Active","1"
"870",NA,2024-03-26,2024-04-02,"Smelt Larval Survey","Not Active","4"
"871",NA,2024-03-26,2024-04-02,"LEPS","Active","1"
"872",NA,2024-03-26,2024-04-02,"20mm Survey","Active","1"
"873",NA,2024-03-26,2024-04-02,"Fall Mid-water Trawl","Not Active","4"
"874",NA,2024-03-26,2024-04-02,"Summer Townet Survey","Not Active","4"
"875",NA,2024-03-26,2024-04-02,"Bay Study","Active","1"
"876",NA,2024-03-26,2024-04-02,"DJFMP- Chipps and Sacramento Trawls","Active","1"
"877",NA,2024-03-26,2024-04-02,"DJFMP- Seines","Active","1"
"878",NA,2024-03-26,2024-04-02,"EDSM","Active","1"
"879",NA,2024-03-26,2024-04-02,"Environmental Monitoring Program (EMP)","Active","1"
"880",NA,2024-03-26,2024-04-02,"Mossdale Trawl","Active","1"
"881",NA,2024-03-26,2024-04-02,"USGS Flow monitoring","Active","1"
"882",NA,2024-03-26,2024-04-02,"Red Bluff Diversion Dam Rotary Screw Trap (RST)","Active","1"
"883",NA,2024-03-26,2024-04-02,"Knights Landing RST","Active","1"
"884",NA,2024-03-26,2024-04-02,"Tisdale RST","Active","2"
"885",NA,2024-03-26,2024-04-02,"Yuba River (Hallwood) RST","Active","1"
"886",NA,2024-03-26,2024-04-02,"Redd dewatering and stranding surveys","Active","1"
"887",NA,2024-03-26,2024-04-02,"Sacramento Carcass and Redd Surveys (Late fall-run Chinook salmon)","Active","1"
"888",NA,2024-03-26,2024-04-02,"Lower Sacramento RST","Active","1"
"889",NA,2024-03-26,2024-04-02,"Feather River (upper DWR) RST","Active","1"
"890",NA,2024-03-26,2024-04-02,"Feather River (lower CDFW) RST","Active","1"
"891",NA,2024-03-26,2024-04-02,"Lower American River at Watt Ave RST","Active","1"
"892",NA,2024-03-26,2024-04-02,"SJRRP CDFW Field Monitoring","Active","1"
"893",NA,2024-03-26,2024-04-02,"SJRRP USBR Field Monitoring","Active","1"
"894",NA,2024-03-26,2024-04-02,"Stanislaus Fish Weir","Active","1"
"895",NA,2024-03-26,2024-04-02,"American River Carcass/Redd Surveys (Fall-run Chinook salmon)","Not Active","4"
"896",NA,2024-03-26,2024-04-02,"Stanislaus Redd Survey (Steelhead)","Active","1"
"897",NA,2024-03-26,2024-04-02,"Caswell RST","Active","1"
"898",NA,2024-03-26,2024-04-02,"Wallace Weir","Active","1"
"899",NA,2024-03-26,2024-04-02,"Butte Creek RST/Diversion Trap","Active","1"
"900",NA,2024-04-02,2024-04-09,"SWP regular counts, CWT reading","Active","1"
"901",NA,2024-04-02,2024-04-09,"SWP larval sampling","Active","1"
"902",NA,2024-04-02,2024-04-09,"CVP regular counts, CWT reading","Active","1"
"903",NA,2024-04-02,2024-04-09,"CVP larval sampling","Active","1"
"904",NA,2024-04-02,2024-04-09,"Smelt Larval Survey","Not Active","4"
"905",NA,2024-04-02,2024-04-09,"LEPS","Active","1"
"906",NA,2024-04-02,2024-04-09,"20mm Survey","Active","1"
"907",NA,2024-04-02,2024-04-09,"Fall Mid-water Trawl","Not Active","4"
"908",NA,2024-04-02,2024-04-09,"Summer Townet Survey","Not Active","4"
"909",NA,2024-04-02,2024-04-09,"Bay Study","Active","1"
"910",NA,2024-04-02,2024-04-09,"DJFMP- Chipps and Sacramento Trawls","Active","1"
"911",NA,2024-04-02,2024-04-09,"DJFMP- Seines","Active","1"
"912",NA,2024-04-02,2024-04-09,"EDSM","Active","1"
"913",NA,2024-04-02,2024-04-09,"Environmental Monitoring Program (EMP)","Active","1"
"914",NA,2024-04-02,2024-04-09,"Mossdale Trawl","Active","1"
"915",NA,2024-04-02,2024-04-09,"USGS Flow monitoring","Active","1"
"916",NA,2024-04-02,2024-04-09,"Red Bluff Diversion Dam Rotary Screw Trap (RST)","Active","1"
"917",NA,2024-04-02,2024-04-09,"Knights Landing RST","Active","1"
"918",NA,2024-04-02,2024-04-09,"Tisdale RST","Active","1"
"919",NA,2024-04-02,2024-04-09,"Yuba River (Hallwood) RST","Active","1"
"920",NA,2024-04-02,2024-04-09,"Redd dewatering and stranding surveys","Active","1"
"921",NA,2024-04-02,2024-04-09,"Sacramento Carcass and Redd Surveys (Late fall-run Chinook salmon)","Active","1"
"922",NA,2024-04-02,2024-04-09,"Lower Sacramento RST","Active (half-effort beginning 4/4)","1"
"923",NA,2024-04-02,2024-04-09,"Feather River (upper DWR) RST","Active","1"
"924",NA,2024-04-02,2024-04-09,"Feather River (lower CDFW) RST","Active","1"
"925",NA,2024-04-02,2024-04-09,"Lower American River at Watt Ave RST","Active","1"
"926",NA,2024-04-02,2024-04-09,"SJRRP CDFW Field Monitoring","Active","1"
"927",NA,2024-04-02,2024-04-09,"SJRRP USBR Field Monitoring","Active","1"
"928",NA,2024-04-02,2024-04-09,"Stanislaus Fish Weir","Active","1"
"929",NA,2024-04-02,2024-04-09,"American River Carcass/Redd Surveys (Fall-run Chinook salmon)","Not Active","4"
"930",NA,2024-04-02,2024-04-09,"Stanislaus Redd Survey (Steelhead)","Active","1"
"931",NA,2024-04-02,2024-04-09,"Caswell RST","Active","1"
"932",NA,2024-04-02,2024-04-09,"Wallace Weir","Active","1"
"933",NA,2024-04-02,2024-04-09,"Butte Creek RST/Diversion Trap","Active","1"
"934",NA,2024-04-09,2024-04-16,"SWP regular counts, CWT reading","Active","1"
"935",NA,2024-04-09,2024-04-16,"SWP larval sampling","Active","1"
"936",NA,2024-04-09,2024-04-16,"CVP regular counts, CWT reading","Active","1"
"937",NA,2024-04-09,2024-04-16,"CVP larval sampling","Active","1"
"938",NA,2024-04-09,2024-04-16,"Smelt Larval Survey","Not Active","4"
"939",NA,2024-04-09,2024-04-16,"LEPS","Active","1"
"940",NA,2024-04-09,2024-04-16,"20mm Survey","Active","1"
"941",NA,2024-04-09,2024-04-16,"Fall Mid-water Trawl","Not Active","4"
"942",NA,2024-04-09,2024-04-16,"Summer Townet Survey","Not Active","4"
"943",NA,2024-04-09,2024-04-16,"Bay Study","Active","1"
"944",NA,2024-04-09,2024-04-16,"DJFMP- Chipps and Sacramento Trawls","Active","1"
"945",NA,2024-04-09,2024-04-16,"DJFMP- Seines","Active","1"
"946",NA,2024-04-09,2024-04-16,"EDSM","Active","1"
"947",NA,2024-04-09,2024-04-16,"Environmental Monitoring Program (EMP)","Active","1"
"948",NA,2024-04-09,2024-04-16,"Mossdale Trawl","Active","1"
"949",NA,2024-04-09,2024-04-16,"USGS Flow monitoring","Active","1"
"950",NA,2024-04-09,2024-04-16,"Red Bluff Diversion Dam Rotary Screw Trap (RST)","Active","1"
"951",NA,2024-04-09,2024-04-16,"Knights Landing RST","Active","1"
"952",NA,2024-04-09,2024-04-16,"Tisdale RST","Active","1"
"953",NA,2024-04-09,2024-04-16,"Yuba River (Hallwood) RST","Active","1"
"954",NA,2024-04-09,2024-04-16,"Redd dewatering and stranding surveys","Active","1"
"955",NA,2024-04-09,2024-04-16,"Sacramento Carcass and Redd Surveys (Late fall-run Chinook salmon)","Active","1"
"956",NA,2024-04-09,2024-04-16,"Lower Sacramento RST","Active","1"
"957",NA,2024-04-09,2024-04-16,"Feather River (upper DWR) RST","Active","1"
"958",NA,2024-04-09,2024-04-16,"Feather River (lower CDFW) RST","Active","1"
"959",NA,2024-04-09,2024-04-16,"Lower American River at Watt Ave RST","Active","1"
"960",NA,2024-04-09,2024-04-16,"SJRRP CDFW Field Monitoring","Active","1"
"961",NA,2024-04-09,2024-04-16,"SJRRP USBR Field Monitoring","Active","1"
"962",NA,2024-04-09,2024-04-16,"Stanislaus Fish Weir","Active","1"
"963",NA,2024-04-09,2024-04-16,"American River Carcass/Redd Surveys (Fall-run Chinook salmon)","Not Active","4"
"964",NA,2024-04-09,2024-04-16,"Stanislaus Redd Survey (Steelhead)","Active","1"
"965",NA,2024-04-09,2024-04-16,"Caswell RST","Active","1"
"966",NA,2024-04-09,2024-04-16,"Wallace Weir","Active","1"
"967",NA,2024-04-09,2024-04-16,"Butte Creek RST/Diversion Trap","Active","1"
"968",NA,2024-04-16,2024-04-23,"SWP regular counts, CWT reading","Active","1"
"969",NA,2024-04-16,2024-04-23,"SWP larval sampling","Active","1"
"970",NA,2024-04-16,2024-04-23,"CVP regular counts, CWT reading","Active","1"
"971",NA,2024-04-16,2024-04-23,"CVP larval sampling","Active","1"
"972",NA,2024-04-16,2024-04-23,"Smelt Larval Survey","Not Active","4"
"973",NA,2024-04-16,2024-04-23,"LEPS","Active","1"
"974",NA,2024-04-16,2024-04-23,"20mm Survey","Active","1"
"975",NA,2024-04-16,2024-04-23,"Fall Mid-water Trawl","Not Active","4"
"976",NA,2024-04-16,2024-04-23,"Summer Townet Survey","Not Active","4"
"977",NA,2024-04-16,2024-04-23,"Bay Study","Active","1"
"978",NA,2024-04-16,2024-04-23,"DJFMP- Chipps and Sacramento Trawls","Active","1"
"979",NA,2024-04-16,2024-04-23,"DJFMP- Seines","Active","1"
"980",NA,2024-04-16,2024-04-23,"EDSM","Active","1"
"981",NA,2024-04-16,2024-04-23,"Environmental Monitoring Program (EMP)","Active","1"
"982",NA,2024-04-16,2024-04-23,"Mossdale Trawl","Active","1"
"983",NA,2024-04-16,2024-04-23,"USGS Flow monitoring","Active","1"
"984",NA,2024-04-16,2024-04-23,"Red Bluff Diversion Dam Rotary Screw Trap (RST)","Active","1"
"985",NA,2024-04-16,2024-04-23,"Knights Landing RST","Active","1"
"986",NA,2024-04-16,2024-04-23,"Tisdale RST","Active","1"
"987",NA,2024-04-16,2024-04-23,"Yuba River (Hallwood) RST","Active","1"
"988",NA,2024-04-16,2024-04-23,"Redd dewatering and stranding surveys","Active","1"
"989",NA,2024-04-16,2024-04-23,"Sacramento Carcass and Redd Surveys (Late fall-run Chinook salmon)","Active","1"
"990",NA,2024-04-16,2024-04-23,"Lower Sacramento RST","Active","1"
"991",NA,2024-04-16,2024-04-23,"Feather River (upper DWR) RST","Active","1"
"992",NA,2024-04-16,2024-04-23,"Feather River (lower CDFW) RST","Active","1"
"993",NA,2024-04-16,2024-04-23,"Lower American River at Watt Ave RST","Active","1"
"994",NA,2024-04-16,2024-04-23,"SJRRP CDFW Field Monitoring","Active","1"
"995",NA,2024-04-16,2024-04-23,"SJRRP USBR Field Monitoring","Active","1"
"996",NA,2024-04-16,2024-04-23,"Stanislaus Fish Weir","Active","1"
"997",NA,2024-04-16,2024-04-23,"American River Carcass/Redd Surveys (Fall-run Chinook salmon)","Not Active","4"
"998",NA,2024-04-16,2024-04-23,"Stanislaus Redd Survey (Steelhead)","Active","1"
"999",NA,2024-04-16,2024-04-23,"Caswell RST","Active","1"
"1000",NA,2024-04-16,2024-04-23,"Wallace Weir","Active","1"
"1001",NA,2024-04-16,2024-04-23,"Butte Creek RST/Diversion Trap","Active","1"
"1002",NA,2024-04-23,2024-04-30,"SWP regular counts, CWT reading","Active","1"
"1003",NA,2024-04-23,2024-04-30,"SWP larval sampling","Active","1"
"1004",NA,2024-04-23,2024-04-30,"CVP regular counts, CWT reading","Active","1"
"1005",NA,2024-04-23,2024-04-30,"CVP larval sampling","Active","1"
"1006",NA,2024-04-23,2024-04-30,"Smelt Larval Survey","Not Active","4"
"1007",NA,2024-04-23,2024-04-30,"LEPS","Active","1"
"1008",NA,2024-04-23,2024-04-30,"20mm Survey","Active","1"
"1009",NA,2024-04-23,2024-04-30,"Fall Mid-water Trawl","Not Active","4"
"1010",NA,2024-04-23,2024-04-30,"Summer Townet Survey","Not Active","4"
"1011",NA,2024-04-23,2024-04-30,"Bay Study","Active","1"
"1012",NA,2024-04-23,2024-04-30,"DJFMP- Chipps and Sacramento Trawls","Active","1"
"1013",NA,2024-04-23,2024-04-30,"DJFMP- Seines","Active","1"
"1014",NA,2024-04-23,2024-04-30,"EDSM","Active","1"
"1015",NA,2024-04-23,2024-04-30,"Environmental Monitoring Program (EMP)","Active","1"
"1016",NA,2024-04-23,2024-04-30,"Mossdale Trawl","Active","1"
"1017",NA,2024-04-23,2024-04-30,"USGS Flow monitoring","Active","1"
"1018",NA,2024-04-23,2024-04-30,"Red Bluff Diversion Dam Rotary Screw Trap (RST)","Active","1"
"1019",NA,2024-04-23,2024-04-30,"Knights Landing RST","Active","1"
"1020",NA,2024-04-23,2024-04-30,"Tisdale RST","Active","1"
"1021",NA,2024-04-23,2024-04-30,"Yuba River (Hallwood) RST","Active","1"
"1022",NA,2024-04-23,2024-04-30,"Redd dewatering and stranding surveys","Active","1"
"1023",NA,2024-04-23,2024-04-30,"Sacramento Carcass and Redd Surveys (Late fall-run Chinook salmon)","Active","1"
"1024",NA,2024-04-23,2024-04-30,"Lower Sacramento RST","Active (Inactive on 4/28; sampling at half cone due to debris)","1"
"1025",NA,2024-04-23,2024-04-30,"Feather River (upper DWR) RST","Active","1"
"1026",NA,2024-04-23,2024-04-30,"Feather River (lower CDFW) RST","Active","1"
"1027",NA,2024-04-23,2024-04-30,"Lower American River at Watt Ave RST","Active","1"
"1028",NA,2024-04-23,2024-04-30,"SJRRP CDFW Field Monitoring","Active","1"
"1029",NA,2024-04-23,2024-04-30,"SJRRP USBR Field Monitoring","Active","1"
"1030",NA,2024-04-23,2024-04-30,"Stanislaus Fish Weir","Active","1"
"1031",NA,2024-04-23,2024-04-30,"American River Carcass/Redd Surveys (Fall-run Chinook salmon)","Not Active","4"
"1032",NA,2024-04-23,2024-04-30,"Stanislaus Redd Survey (Steelhead)","Not Active (Completed for the season)","4"
"1033",NA,2024-04-23,2024-04-30,"Caswell RST","Active","1"
"1034",NA,2024-04-23,2024-04-30,"Wallace Weir","Active","1"
"1035",NA,2024-04-23,2024-04-30,"Butte Creek RST/Diversion Trap","Active","1"
"1036",NA,2024-04-30,2024-05-07,"SWP regular counts, CWT reading","Active","1"
"1037",NA,2024-04-30,2024-05-07,"SWP larval sampling","Active","1"
"1038",NA,2024-04-30,2024-05-07,"CVP regular counts, CWT reading","Active","1"
"1039",NA,2024-04-30,2024-05-07,"CVP larval sampling","Active","1"
"1040",NA,2024-04-30,2024-05-07,"Smelt Larval Survey","Not Active","4"
"1041",NA,2024-04-30,2024-05-07,"LEPS","Active","1"
"1042",NA,2024-04-30,2024-05-07,"20mm Survey","Active","1"
"1043",NA,2024-04-30,2024-05-07,"Fall Mid-water Trawl","Not Active","4"
"1044",NA,2024-04-30,2024-05-07,"Summer Townet Survey","Not Active","4"
"1045",NA,2024-04-30,2024-05-07,"Bay Study","Active","1"
"1046",NA,2024-04-30,2024-05-07,"DJFMP- Chipps and Sacramento Trawls","Active","1"
"1047",NA,2024-04-30,2024-05-07,"DJFMP- Seines","Active","1"
"1048",NA,2024-04-30,2024-05-07,"EDSM","Active","1"
"1049",NA,2024-04-30,2024-05-07,"Environmental Monitoring Program (EMP)","Active","1"
"1050",NA,2024-04-30,2024-05-07,"Mossdale Trawl","Active","1"
"1051",NA,2024-04-30,2024-05-07,"USGS Flow monitoring","Active","1"
"1052",NA,2024-04-30,2024-05-07,"Red Bluff Diversion Dam Rotary Screw Trap (RST)","Active","1"
"1053",NA,2024-04-30,2024-05-07,"Knights Landing RST","Active","1"
"1054",NA,2024-04-30,2024-05-07,"Tisdale RST","Active","1"
"1055",NA,2024-04-30,2024-05-07,"Yuba River (Hallwood) RST","Active","1"
"1056",NA,2024-04-30,2024-05-07,"Redd dewatering and stranding surveys","Active","1"
"1057",NA,2024-04-30,2024-05-07,"Sacramento Carcass and Redd Surveys (Late fall-run Chinook salmon)","Active","1"
"1058",NA,2024-04-30,2024-05-07,"Lower Sacramento RST","Active","1"
"1059",NA,2024-04-30,2024-05-07,"Feather River (upper DWR) RST","Active","1"
"1060",NA,2024-04-30,2024-05-07,"Feather River (lower CDFW) RST","Active","1"
"1061",NA,2024-04-30,2024-05-07,"Lower American River at Watt Ave RST","Active","1"
"1062",NA,2024-04-30,2024-05-07,"SJRRP CDFW Field Monitoring","Active","1"
"1063",NA,2024-04-30,2024-05-07,"SJRRP USBR Field Monitoring","Active","1"
"1064",NA,2024-04-30,2024-05-07,"Stanislaus Fish Weir","Active","1"
"1065",NA,2024-04-30,2024-05-07,"American River Carcass/Redd Surveys (Fall-run Chinook salmon)","Not Active","4"
"1066",NA,2024-04-30,2024-05-07,"Stanislaus Redd Survey (Steelhead)","Not Active","4"
"1067",NA,2024-04-30,2024-05-07,"Caswell RST","Active","1"
"1068",NA,2024-04-30,2024-05-07,"Wallace Weir","Active","1"
"1069",NA,2024-04-30,2024-05-07,"Butte Creek RST/Diversion Trap","Active","1"
"1070",NA,2024-05-07,2024-05-14,"SWP regular counts, CWT reading","Active","1"
"1071",NA,2024-05-07,2024-05-14,"SWP larval sampling","Active","1"
"1072",NA,2024-05-07,2024-05-14,"CVP regular counts, CWT reading","Active","1"
"1073",NA,2024-05-07,2024-05-14,"CVP larval sampling","Active","1"
"1074",NA,2024-05-07,2024-05-14,"Smelt Larval Survey","Not Active","4"
"1075",NA,2024-05-07,2024-05-14,"LEPS","Active","1"
"1076",NA,2024-05-07,2024-05-14,"20mm Survey","Active","1"
"1077",NA,2024-05-07,2024-05-14,"Fall Mid-water Trawl","Not Active","4"
"1078",NA,2024-05-07,2024-05-14,"Summer Townet Survey","Not Active","4"
"1079",NA,2024-05-07,2024-05-14,"Bay Study","Active","1"
"1080",NA,2024-05-07,2024-05-14,"DJFMP- Chipps and Sacramento Trawls","Active","1"
"1081",NA,2024-05-07,2024-05-14,"DJFMP- Seines","Active","1"
"1082",NA,2024-05-07,2024-05-14,"EDSM","Active","1"
"1083",NA,2024-05-07,2024-05-14,"Environmental Monitoring Program (EMP)","Active","1"
"1084",NA,2024-05-07,2024-05-14,"Mossdale Trawl","Active","1"
"1085",NA,2024-05-07,2024-05-14,"USGS Flow monitoring","Active","1"
"1086",NA,2024-05-07,2024-05-14,"Red Bluff Diversion Dam Rotary Screw Trap (RST)","Active","1"
"1087",NA,2024-05-07,2024-05-14,"Knights Landing RST","Active","1"
"1088",NA,2024-05-07,2024-05-14,"Tisdale RST","Active","1"
"1089",NA,2024-05-07,2024-05-14,"Yuba River (Hallwood) RST","Active","1"
"1090",NA,2024-05-07,2024-05-14,"Redd dewatering and stranding surveys","Active","1"
"1091",NA,2024-05-07,2024-05-14,"Sacramento Carcass and Redd Surveys (Late fall-run Chinook salmon)","Active","1"
"1092",NA,2024-05-07,2024-05-14,"Sacramento Carcass and Redd Surveys (Winter-run Chinook salmon)","Active","1"
"1093",NA,2024-05-07,2024-05-14,"Lower Sacramento RST","Active","1"
"1094",NA,2024-05-07,2024-05-14,"Feather River (upper DWR) RST","Active","1"
"1095",NA,2024-05-07,2024-05-14,"Feather River (lower CDFW) RST","Active","1"
"1096",NA,2024-05-07,2024-05-14,"Lower American River at Watt Ave RST","Active","1"
"1097",NA,2024-05-07,2024-05-14,"SJRRP CDFW Field Monitoring","Active","1"
"1098",NA,2024-05-07,2024-05-14,"SJRRP USBR Field Monitoring","Active","1"
"1099",NA,2024-05-07,2024-05-14,"Stanislaus Fish Weir","Active","1"
"1100",NA,2024-05-07,2024-05-14,"American River Carcass/Redd Surveys (Fall-run Chinook salmon)","Not Active","4"
"1101",NA,2024-05-07,2024-05-14,"Stanislaus Redd Survey (Steelhead)","Not Active","4"
"1102",NA,2024-05-07,2024-05-14,"Caswell RST","Active","1"
"1103",NA,2024-05-07,2024-05-14,"Wallace Weir","Active","1"
"1104",NA,2024-05-07,2024-05-14,"Butte Creek RST/Diversion Trap","Active","1"
"1105",NA,2024-05-14,2024-05-21,"SWP regular counts, CWT reading","Active","1"
"1106",NA,2024-05-14,2024-05-21,"SWP larval sampling","Active","1"
"1107",NA,2024-05-14,2024-05-21,"CVP regular counts, CWT reading","Active","1"
"1108",NA,2024-05-14,2024-05-21,"CVP larval sampling","Active","1"
"1109",NA,2024-05-14,2024-05-21,"Smelt Larval Survey","Not Active","4"
"1110",NA,2024-05-14,2024-05-21,"LEPS","Active","1"
"1111",NA,2024-05-14,2024-05-21,"20mm Survey","Active","1"
"1112",NA,2024-05-14,2024-05-21,"Fall Mid-water Trawl","Not Active","4"
"1113",NA,2024-05-14,2024-05-21,"Summer Townet Survey","Not Active","4"
"1114",NA,2024-05-14,2024-05-21,"Bay Study","Active","1"
"1115",NA,2024-05-14,2024-05-21,"DJFMP- Chipps and Sacramento Trawls","Active","1"
"1116",NA,2024-05-14,2024-05-21,"DJFMP- Seines","Active","1"
"1117",NA,2024-05-14,2024-05-21,"EDSM","Active","1"
"1118",NA,2024-05-14,2024-05-21,"Environmental Monitoring Program (EMP)","Active","1"
"1119",NA,2024-05-14,2024-05-21,"Mossdale Trawl","Active","1"
"1120",NA,2024-05-14,2024-05-21,"USGS Flow monitoring","Active","1"
"1121",NA,2024-05-14,2024-05-21,"Red Bluff Diversion Dam Rotary Screw Trap (RST)","Active","1"
"1122",NA,2024-05-14,2024-05-21,"Knights Landing RST","Not Active (stopped trapping on 5/16)","4"
"1123",NA,2024-05-14,2024-05-21,"Tisdale RST","Active","1"
"1124",NA,2024-05-14,2024-05-21,"Yuba River (Hallwood) RST","Active","1"
"1125",NA,2024-05-14,2024-05-21,"Redd dewatering and stranding surveys","Active","1"
"1126",NA,2024-05-14,2024-05-21,"Sacramento Carcass and Redd Surveys (Late fall-run Chinook salmon)","Active","1"
"1127",NA,2024-05-14,2024-05-21,"Sacramento Carcass and Redd Surveys (Winter-run Chinook salmon)","Active","1"
"1128",NA,2024-05-14,2024-05-21,"Lower Sacramento RST","Active","1"
"1129",NA,2024-05-14,2024-05-21,"Feather River (upper DWR) RST","Active","1"
"1130",NA,2024-05-14,2024-05-21,"Feather River (lower CDFW) RST","Active","1"
"1131",NA,2024-05-14,2024-05-21,"Lower American River at Watt Ave RST","Active","1"
"1132",NA,2024-05-14,2024-05-21,"SJRRP CDFW Field Monitoring","Active","1"
"1133",NA,2024-05-14,2024-05-21,"SJRRP USBR Field Monitoring","Active","1"
"1134",NA,2024-05-14,2024-05-21,"Stanislaus Fish Weir","Active","1"
"1135",NA,2024-05-14,2024-05-21,"American River Carcass/Redd Surveys (Fall-run Chinook salmon)","Not Active","4"
"1136",NA,2024-05-14,2024-05-21,"Stanislaus Redd Survey (Steelhead)","Not Active","4"
"1137",NA,2024-05-14,2024-05-21,"Caswell RST","Active","1"
"1138",NA,2024-05-14,2024-05-21,"Wallace Weir","Active","1"
"1139",NA,2024-05-14,2024-05-21,"Butte Creek RST/Diversion Trap","Active","1"
"1140",NA,2024-05-21,2024-05-28,"SWP regular counts, CWT reading","Active","1"
"1141",NA,2024-05-21,2024-05-28,"SWP larval sampling","Active","1"
"1142",NA,2024-05-21,2024-05-28,"CVP regular counts, CWT reading","Active","1"
"1143",NA,2024-05-21,2024-05-28,"CVP larval sampling","Active","1"
"1144",NA,2024-05-21,2024-05-28,"Smelt Larval Survey","Not Active","4"
"1145",NA,2024-05-21,2024-05-28,"LEPS","Active","1"
"1146",NA,2024-05-21,2024-05-28,"20mm Survey","Active","1"
"1147",NA,2024-05-21,2024-05-28,"Fall Mid-water Trawl","Not Active","4"
"1148",NA,2024-05-21,2024-05-28,"Summer Townet Survey","Not Active","4"
"1149",NA,2024-05-21,2024-05-28,"Bay Study","Active","1"
"1150",NA,2024-05-21,2024-05-28,"DJFMP- Chipps and Sacramento Trawls","Active","1"
"1151",NA,2024-05-21,2024-05-28,"DJFMP- Seines","Active","1"
"1152",NA,2024-05-21,2024-05-28,"EDSM","Active","1"
"1153",NA,2024-05-21,2024-05-28,"Environmental Monitoring Program (EMP)","Active","1"
"1154",NA,2024-05-21,2024-05-28,"Mossdale Trawl","Active","1"
"1155",NA,2024-05-21,2024-05-28,"USGS Flow monitoring","Active","1"
"1156",NA,2024-05-21,2024-05-28,"Red Bluff Diversion Dam Rotary Screw Trap (RST)","Active","1"
"1157",NA,2024-05-21,2024-05-28,"Knights Landing RST","Active","1"
"1158",NA,2024-05-21,2024-05-28,"Tisdale RST","Active","1"
"1159",NA,2024-05-21,2024-05-28,"Yuba River (Hallwood) RST","Active","1"
"1160",NA,2024-05-21,2024-05-28,"Redd dewatering and stranding surveys","Active","1"
"1161",NA,2024-05-21,2024-05-28,"Sacramento Carcass and Redd Surveys (Late fall-run Chinook salmon)","Active","1"
"1162",NA,2024-05-21,2024-05-28,"Sacramento Carcass and Redd Surveys (Winter-run Chinook salmon)","Active","1"
"1163",NA,2024-05-21,2024-05-28,"Lower Sacramento RST","Active","1"
"1164",NA,2024-05-21,2024-05-28,"Feather River (upper DWR) RST","Active","1"
"1165",NA,2024-05-21,2024-05-28,"Feather River (lower CDFW) RST","Active","1"
"1166",NA,2024-05-21,2024-05-28,"Lower American River at Watt Ave RST","Active","1"
"1167",NA,2024-05-21,2024-05-28,"SJRRP CDFW Field Monitoring","Active","1"
"1168",NA,2024-05-21,2024-05-28,"SJRRP USBR Field Monitoring","Active","1"
"1169",NA,2024-05-21,2024-05-28,"Stanislaus Fish Weir","Active","1"
"1170",NA,2024-05-21,2024-05-28,"American River Carcass/Redd Surveys (Fall-run Chinook salmon)","Not Active","4"
"1171",NA,2024-05-21,2024-05-28,"Stanislaus Redd Survey (Steelhead)","Not Active","4"
"1172",NA,2024-05-21,2024-05-28,"Caswell RST","Active","1"
"1173",NA,2024-05-21,2024-05-28,"Wallace Weir","Active","1"
"1174",NA,2024-05-21,2024-05-28,"Butte Creek RST/Diversion Trap","Active","1"
"1175",NA,2024-05-28,2024-06-04,"SWP regular counts, CWT reading","Active","1"
"1176",NA,2024-05-28,2024-06-04,"SWP larval sampling","Active","1"
"1177",NA,2024-05-28,2024-06-04,"CVP regular counts, CWT reading","Active","1"
"1178",NA,2024-05-28,2024-06-04,"CVP larval sampling","Active","1"
"1179",NA,2024-05-28,2024-06-04,"Smelt Larval Survey","Not Active","4"
"1180",NA,2024-05-28,2024-06-04,"LEPS","Active","1"
"1181",NA,2024-05-28,2024-06-04,"20mm Survey","Active","1"
"1182",NA,2024-05-28,2024-06-04,"Fall Mid-water Trawl","Not Active","4"
"1183",NA,2024-05-28,2024-06-04,"Summer Townet Survey","Active","1"
"1184",NA,2024-05-28,2024-06-04,"Bay Study","Active","1"
"1185",NA,2024-05-28,2024-06-04,"DJFMP- Chipps and Sacramento Trawls","Active","1"
"1186",NA,2024-05-28,2024-06-04,"DJFMP- Seines","Active","1"
"1187",NA,2024-05-28,2024-06-04,"EDSM","Active","1"
"1188",NA,2024-05-28,2024-06-04,"Environmental Monitoring Program (EMP)","Active","1"
"1189",NA,2024-05-28,2024-06-04,"Mossdale Trawl","Active","1"
"1190",NA,2024-05-28,2024-06-04,"USGS Flow monitoring","Active","1"
"1191",NA,2024-05-28,2024-06-04,"Red Bluff Diversion Dam Rotary Screw Trap (RST)","Active","1"
"1192",NA,2024-05-28,2024-06-04,"Knights Landing RST","Active","1"
"1193",NA,2024-05-28,2024-06-04,"Tisdale RST","Active","1"
"1194",NA,2024-05-28,2024-06-04,"Yuba River (Hallwood) RST","Active","1"
"1195",NA,2024-05-28,2024-06-04,"Redd dewatering and stranding surveys","Active","1"
"1196",NA,2024-05-28,2024-06-04,"Sacramento Carcass and Redd Surveys (Late fall-run Chinook salmon)","Active","1"
"1197",NA,2024-05-28,2024-06-04,"Sacramento Carcass and Redd Surveys (Winter-run Chinook salmon)","Active","1"
"1198",NA,2024-05-28,2024-06-04,"Lower Sacramento RST","Active","1"
"1199",NA,2024-05-28,2024-06-04,"Feather River (upper DWR) RST","Active","1"
"1200",NA,2024-05-28,2024-06-04,"Feather River (lower CDFW) RST","Active","1"
"1201",NA,2024-05-28,2024-06-04,"Lower American River at Watt Ave RST","Active","1"
"1202",NA,2024-05-28,2024-06-04,"SJRRP CDFW Field Monitoring","Active","1"
"1203",NA,2024-05-28,2024-06-04,"SJRRP USBR Field Monitoring","Active","1"
"1204",NA,2024-05-28,2024-06-04,"Stanislaus Fish Weir","Active","1"
"1205",NA,2024-05-28,2024-06-04,"American River Carcass/Redd Surveys (Fall-run Chinook salmon)","Not Active","4"
"1206",NA,2024-05-28,2024-06-04,"Stanislaus Redd Survey (Steelhead)","Not Active","4"
"1207",NA,2024-05-28,2024-06-04,"Caswell RST","Active","1"
"1208",NA,2024-05-28,2024-06-04,"Wallace Weir","Active","1"
"1209",NA,2024-05-28,2024-06-04,"Butte Creek RST/Diversion Trap","Active","1"
"1210",NA,2024-06-04,2024-06-11,"SWP regular counts, CWT reading","Active","1"
"1211",NA,2024-06-04,2024-06-11,"SWP larval sampling","Active","1"
"1212",NA,2024-06-04,2024-06-11,"CVP regular counts, CWT reading","Active","1"
"1213",NA,2024-06-04,2024-06-11,"CVP larval sampling","Active","1"
"1214",NA,2024-06-04,2024-06-11,"Smelt Larval Survey","Not Active","4"
"1215",NA,2024-06-04,2024-06-11,"LEPS","Active","1"
"1216",NA,2024-06-04,2024-06-11,"20mm Survey","Active","1"
"1217",NA,2024-06-04,2024-06-11,"Fall Mid-water Trawl","Not Active","4"
"1218",NA,2024-06-04,2024-06-11,"Summer Townet Survey","Active","1"
"1219",NA,2024-06-04,2024-06-11,"Bay Study","Active","1"
"1220",NA,2024-06-04,2024-06-11,"DJFMP- Chipps and Sacramento Trawls","Active","1"
"1221",NA,2024-06-04,2024-06-11,"DJFMP- Seines","Active","1"
"1222",NA,2024-06-04,2024-06-11,"EDSM","Active","1"
"1223",NA,2024-06-04,2024-06-11,"Environmental Monitoring Program (EMP)","Active","1"
"1224",NA,2024-06-04,2024-06-11,"Mossdale Trawl","Active","1"
"1225",NA,2024-06-04,2024-06-11,"USGS Flow monitoring","Active","1"
"1226",NA,2024-06-04,2024-06-11,"Red Bluff Diversion Dam Rotary Screw Trap (RST)","Active","1"
"1227",NA,2024-06-04,2024-06-11,"Knights Landing RST","Not Active (since 6/4)","4"
"1228",NA,2024-06-04,2024-06-11,"Tisdale RST","Not Active (ended for season on 6/5)","4"
"1229",NA,2024-06-04,2024-06-11,"Yuba River (Hallwood) RST","Active","1"
"1230",NA,2024-06-04,2024-06-11,"Redd dewatering and stranding surveys","Active","1"
"1231",NA,2024-06-04,2024-06-11,"Sacramento Carcass and Redd Surveys (Late fall-run Chinook salmon)","Active","1"
"1232",NA,2024-06-04,2024-06-11,"Sacramento Carcass and Redd Surveys (Winter-run Chinook salmon)","Active","1"
"1233",NA,2024-06-04,2024-06-11,"Lower Sacramento RST","Not Active","4"
"1234",NA,2024-06-04,2024-06-11,"Feather River (upper DWR) RST","Active","1"
"1235",NA,2024-06-04,2024-06-11,"Feather River (lower CDFW) RST","Active","1"
"1236",NA,2024-06-04,2024-06-11,"Lower American River at Watt Ave RST","Active","1"
"1237",NA,2024-06-04,2024-06-11,"SJRRP CDFW Field Monitoring","Active","1"
"1238",NA,2024-06-04,2024-06-11,"SJRRP USBR Field Monitoring","Not Active","4"
"1239",NA,2024-06-04,2024-06-11,"Stanislaus Fish Weir","Active","1"
"1240",NA,2024-06-04,2024-06-11,"American River Carcass/Redd Surveys (Fall-run Chinook salmon)","Not Active","4"
"1241",NA,2024-06-04,2024-06-11,"Stanislaus Redd Survey (Steelhead)","Not Active","4"
"1242",NA,2024-06-04,2024-06-11,"Caswell RST","Active","1"
"1243",NA,2024-06-04,2024-06-11,"Wallace Weir","Not Active","4"
"1244",NA,2024-06-04,2024-06-11,"Butte Creek RST/Diversion Trap","Active","1"
