Year,Date,Survey,Station,Time,TowNum,Common Name,Catch,Region
2024,3/20/2024,1,706,12:29,1,No LFS Catch,0,Sacramento River System
2024,3/20/2024,1,706,12:43,2,No LFS Catch,0,Sacramento River System
2024,3/20/2024,1,706,12:56,3,No LFS Catch,0,Sacramento River System
2024,3/19/2024,1,809,11:27,1,No LFS Catch,0,Central & South Delta
2024,3/19/2024,1,809,11:41,2,No LFS Catch,0,Central & South Delta
2024,3/19/2024,1,809,11:57,3,No LFS Catch,0,Central & South Delta
2024,3/19/2024,1,815,8:15,1,No LFS Catch,0,Central & South Delta
2024,3/19/2024,1,815,8:29,2,No LFS Catch,0,Central & South Delta
2024,3/19/2024,1,815,8:43,3,No LFS Catch,0,Central & South Delta
2024,3/18/2024,1,902,8:35,1,No LFS Catch,0,Central & South Delta
2024,3/18/2024,1,902,8:49,2,No LFS Catch,0,Central & South Delta
2024,3/18/2024,1,902,9:08,3,No LFS Catch,0,Central & South Delta
2024,3/18/2024,1,906,15:21,1,No LFS Catch,0,Central & South Delta
2024,3/18/2024,1,906,15:35,2,No LFS Catch,0,Central & South Delta
2024,3/18/2024,1,906,15:50,3,No LFS Catch,0,Central & South Delta
2024,3/19/2024,1,812,9:08,1,No LFS Catch,0,Central & South Delta
2024,3/19/2024,1,812,9:23,2,No LFS Catch,0,Central & South Delta
2024,3/19/2024,1,812,9:37,3,No LFS Catch,0,Central & South Delta
2024,3/19/2024,1,901,10:09,1,No LFS Catch,0,Central & South Delta
2024,3/19/2024,1,901,10:25,2,No LFS Catch,0,Central & South Delta
2024,3/19/2024,1,901,10:39,3,No LFS Catch,0,Central & South Delta
2024,3/18/2024,1,910,14:23,1,No LFS Catch,0,Central & South Delta
2024,3/18/2024,1,910,14:38,2,No LFS Catch,0,Central & South Delta
2024,3/18/2024,1,910,14:53,3,No LFS Catch,0,Central & South Delta
2024,3/18/2024,1,912,12:53,1,No LFS Catch,0,Central & South Delta
2024,3/18/2024,1,912,13:09,2,No LFS Catch,0,Central & South Delta
2024,3/18/2024,1,912,13:24,3,No LFS Catch,0,Central & South Delta
2024,3/18/2024,1,914,11:19,1,No LFS Catch,0,Central & South Delta
2024,3/18/2024,1,914,11:34,2,No LFS Catch,0,Central & South Delta
2024,3/18/2024,1,914,11:49,3,No LFS Catch,0,Central & South Delta
2024,3/18/2024,1,915,9:47,1,No LFS Catch,0,Central & South Delta
2024,3/18/2024,1,915,10:01,2,No LFS Catch,0,Central & South Delta
2024,3/18/2024,1,915,10:16,3,No LFS Catch,0,Central & South Delta
2024,3/18/2024,1,919,16:22,1,No LFS Catch,0,Central & South Delta
2024,3/18/2024,1,919,16:36,2,No LFS Catch,0,Central & South Delta
2024,3/18/2024,1,919,16:51,3,No LFS Catch,0,Central & South Delta
2024,3/20/2024,1,520,9:44,1,No LFS Catch,0,Confluence
2024,3/20/2024,1,520,9:58,2,No LFS Catch,0,Confluence
2024,3/20/2024,1,520,10:14,3,No LFS Catch,0,Confluence
2024,4/3/2024,2,919,7:12,1,No LFS Catch,0,Central & South Delta
2024,4/3/2024,2,919,7:29,2,No LFS Catch,0,Central & South Delta
2024,4/3/2024,2,919,7:45,3,No LFS Catch,0,Central & South Delta
2024,4/2/2024,2,918,10:23,1,No LFS Catch,0,Central & South Delta
2024,4/2/2024,2,918,10:38,2,No LFS Catch,0,Central & South Delta
2024,4/2/2024,2,918,10:52,3,No LFS Catch,0,Central & South Delta
2024,4/2/2024,2,914,12:26,1,No LFS Catch,0,Central & South Delta
2024,4/2/2024,2,914,12:39,2,No LFS Catch,0,Central & South Delta
2024,4/2/2024,2,914,12:53,3,No LFS Catch,0,Central & South Delta
2024,4/2/2024,2,912,14:11,1,No LFS Catch,0,Central & South Delta
2024,4/2/2024,2,912,14:25,2,No LFS Catch,0,Central & South Delta
2024,4/2/2024,2,912,14:38,3,No LFS Catch,0,Central & South Delta
2024,4/2/2024,2,901,8:26,2,No LFS Catch,0,Central & South Delta
2024,4/2/2024,2,901,8:11,1,No LFS Catch,0,Central & South Delta
2024,4/2/2024,2,901,8:41,3,No LFS Catch,0,Central & South Delta
2024,4/3/2024,2,809,11:53,1,No LFS Catch,0,Central & South Delta
2024,4/3/2024,2,809,12:21,2,No LFS Catch,0,Central & South Delta
2024,4/3/2024,2,809,12:35,3,Longfin Smelt,1,Central & South Delta
2024,4/3/2024,2,815,10:15,1,No LFS Catch,0,Central & South Delta
2024,4/3/2024,2,815,10:28,2,No LFS Catch,0,Central & South Delta
2024,4/3/2024,2,815,10:41,3,No LFS Catch,0,Central & South Delta
2024,4/3/2024,2,812,10:06,1,No LFS Catch,0,Central & South Delta
2024,4/3/2024,2,812,11:14,2,No LFS Catch,0,Central & South Delta
2024,4/3/2024,2,812,11:27,3,No LFS Catch,0,Central & South Delta
2024,4/3/2024,2,906,9:23,1,No LFS Catch,0,Central & South Delta
2024,4/3/2024,2,906,9:37,2,No LFS Catch,0,Central & South Delta
2024,4/3/2024,2,906,9:50,3,No LFS Catch,0,Central & South Delta
2024,4/3/2024,2,910,8:30,1,No LFS Catch,0,Central & South Delta
2024,4/3/2024,2,910,8:44,2,No LFS Catch,0,Central & South Delta
2024,4/3/2024,2,910,8:57,3,No LFS Catch,0,Central & South Delta
2024,4/2/2024,2,902,9:03,1,No LFS Catch,0,Central & South Delta
2024,4/2/2024,2,902,9:16,2,No LFS Catch,0,Central & South Delta
2024,4/2/2024,2,902,9:33,3,No LFS Catch,0,Central & South Delta
2024,4/2/2024,2,915,11:29,1,No LFS Catch,0,Central & South Delta
2024,4/2/2024,2,915,11:43,2,No LFS Catch,0,Central & South Delta
2024,4/2/2024,2,915,11:58,3,No LFS Catch,0,Central & South Delta
2024,4/2/2024,2,724,11:58,1,No LFS Catch,0,Sacramento River System
2024,4/2/2024,2,724,12:12,2,No LFS Catch,0,Sacramento River System
2024,4/2/2024,2,724,12:20,3,No LFS Catch,0,Sacramento River System
2024,4/3/2024,2,804,11:20,1,No LFS Catch,0,Confluence
2024,4/3/2024,2,804,11:33,2,No LFS Catch,0,Confluence
2024,4/3/2024,2,804,11:46,3,No LFS Catch,0,Confluence
2024,3/20/2024,1,401,7:41,1,Longfin Smelt,5,Suisun Bay and West
2024,3/20/2024,1,401,7:56,2,Longfin Smelt,12,Suisun Bay and West
2024,3/20/2024,1,401,8:11,3,Longfin Smelt,9,Suisun Bay and West
2024,3/19/2024,1,804,13:26,1,No LFS Catch,0,Confluence
2024,3/19/2024,1,804,13:41,2,No LFS Catch,0,Confluence
2024,3/19/2024,1,804,13:57,3,No LFS Catch,0,Confluence
2024,3/19/2024,1,801,14:27,1,No LFS Catch,0,Confluence
2024,3/19/2024,1,801,14:42,2,No LFS Catch,0,Confluence
2024,3/19/2024,1,801,14:57,3,No LFS Catch,0,Confluence
2024,3/19/2024,1,703,12:30,1,No LFS Catch,0,Sacramento River System
2024,3/19/2024,1,703,12:40,2,No LFS Catch,0,Sacramento River System
2024,3/19/2024,1,703,13:01,3,No LFS Catch,0,Sacramento River System
2024,3/20/2024,1,704,11:38,1,No LFS Catch,0,Sacramento River System
2024,3/20/2024,1,704,11:53,2,No LFS Catch,0,Sacramento River System
2024,3/20/2024,1,704,12:07,3,No LFS Catch,0,Sacramento River System
2024,3/20/2024,1,705,13:19,1,No LFS Catch,0,Sacramento River System
2024,3/20/2024,1,705,13:32,2,No LFS Catch,0,Sacramento River System
2024,3/20/2024,1,705,13:57,3,No LFS Catch,0,Sacramento River System
2024,3/20/2024,1,707,14:18,1,No LFS Catch,0,Sacramento River System
2024,3/20/2024,1,707,14:32,2,No LFS Catch,0,Sacramento River System
2024,3/20/2024,1,707,14:46,3,No LFS Catch,0,Sacramento River System
2024,3/21/2024,1,602,9:28,1,Longfin Smelt,16,Suisun Bay and West
2024,3/21/2024,1,602,9:41,2,Longfin Smelt,16,Suisun Bay and West
2024,3/21/2024,1,602,9:54,3,Longfin Smelt,15,Suisun Bay and West
2024,3/21/2024,1,606,10:23,1,Longfin Smelt,5,Suisun Bay and West
2024,3/21/2024,1,606,10:38,2,Longfin Smelt,1,Suisun Bay and West
2024,3/21/2024,1,606,10:51,3,Longfin Smelt,2,Suisun Bay and West
2024,3/21/2024,1,609,11:34,1,Longfin Smelt,1,Suisun Bay and West
2024,3/21/2024,1,609,11:48,2,No LFS Catch,0,Suisun Bay and West
2024,3/21/2024,1,609,12:02,3,No LFS Catch,0,Suisun Bay and West
2024,3/21/2024,1,610,12:33,1,No LFS Catch,0,Suisun Bay and West
2024,3/21/2024,1,610,12:46,2,No LFS Catch,0,Suisun Bay and West
2024,3/21/2024,1,610,12:59,3,No LFS Catch,0,Suisun Bay and West
2024,3/22/2024,1,711,7:30,1,No LFS Catch,0,Sacramento River System
2024,3/22/2024,1,711,7:45,2,No LFS Catch,0,Sacramento River System
2024,3/22/2024,1,711,8:00,3,No LFS Catch,0,Sacramento River System
2024,3/22/2024,1,716,8:29,1,No LFS Catch,0,Sacramento River System
2024,3/22/2024,1,716,8:44,2,No LFS Catch,0,Sacramento River System
2024,3/22/2024,1,716,8:58,3,No LFS Catch,0,Sacramento River System
2024,3/22/2024,1,718,9:34,1,No LFS Catch,0,Sacramento River System
2024,3/22/2024,1,718,9:50,2,No LFS Catch,0,Sacramento River System
2024,3/22/2024,1,718,10:04,3,No LFS Catch,0,Sacramento River System
2024,3/22/2024,1,719,11:55,1,No LFS Catch,0,Sacramento River System
2024,3/22/2024,1,719,12:09,2,No LFS Catch,0,Sacramento River System
2024,3/22/2024,1,719,12:23,3,No LFS Catch,0,Sacramento River System
2024,3/22/2024,1,720,10:28,1,No LFS Catch,0,Sacramento River System
2024,3/22/2024,1,720,10:44,2,No LFS Catch,0,Sacramento River System
2024,3/22/2024,1,720,11:14,3,No LFS Catch,0,Sacramento River System
2024,3/22/2024,1,723,12:52,1,No LFS Catch,0,Sacramento River System
2024,3/22/2024,1,723,13:07,2,No LFS Catch,0,Sacramento River System
2024,3/22/2024,1,723,13:22,3,No LFS Catch,0,Sacramento River System
2024,3/22/2024,1,724,14:49,1,No LFS Catch,0,Sacramento River System
2024,3/22/2024,1,724,15:05,2,No LFS Catch,0,Sacramento River System
2024,3/22/2024,1,724,15:19,3,No LFS Catch,0,Sacramento River System
2024,3/22/2024,1,726,13:55,1,No LFS Catch,0,Sacramento River System
2024,3/22/2024,1,726,14:09,2,No LFS Catch,0,Sacramento River System
2024,3/22/2024,1,726,14:23,3,No LFS Catch,0,Sacramento River System
2024,4/2/2024,2,723,10:23,1,No LFS Catch,0,Sacramento River System
2024,4/2/2024,2,723,10:36,2,No LFS Catch,0,Sacramento River System
2024,4/2/2024,2,723,10:50,3,No LFS Catch,0,Sacramento River System
2024,4/3/2024,2,704,9:47,1,No LFS Catch,0,Sacramento River System
2024,4/3/2024,2,704,10:00,2,No LFS Catch,0,Sacramento River System
2024,4/3/2024,2,704,10:14,3,No LFS Catch,0,Sacramento River System
2024,4/2/2024,2,716,7:42,1,No LFS Catch,0,Sacramento River System
2024,4/2/2024,2,716,7:55,2,No LFS Catch,0,Sacramento River System
2024,4/2/2024,2,716,8:08,3,No LFS Catch,0,Sacramento River System
2024,3/19/2024,1,404,10:17,1,Longfin Smelt,4,Suisun Bay and West
2024,3/19/2024,1,404,10:37,2,Longfin Smelt,7,Suisun Bay and West
2024,3/19/2024,1,404,10:46,3,Longfin Smelt,8,Suisun Bay and West
2024,3/19/2024,1,405,11:38,1,Longfin Smelt,3,Suisun Bay and West
2024,3/19/2024,1,405,11:53,2,Longfin Smelt,2,Suisun Bay and West
2024,3/19/2024,1,405,12:07,3,Longfin Smelt,3,Suisun Bay and West
2024,3/19/2024,1,418,12:32,1,Longfin Smelt,7,Suisun Bay and West
2024,3/19/2024,1,418,12:47,2,Longfin Smelt,11,Suisun Bay and West
2024,3/19/2024,1,418,13:01,3,Longfin Smelt,9,Suisun Bay and West
2024,3/19/2024,1,501,14:30,1,Longfin Smelt,17,Suisun Bay and West
2024,3/19/2024,1,501,14:44,2,Longfin Smelt,7,Suisun Bay and West
2024,3/19/2024,1,501,14:59,3,Longfin Smelt,8,Suisun Bay and West
2024,3/19/2024,1,504,15:28,1,No LFS Catch,0,Suisun Bay and West
2024,3/19/2024,1,504,15:43,2,Longfin Smelt,9,Suisun Bay and West
2024,3/19/2024,1,504,15:56,3,Longfin Smelt,11,Suisun Bay and West
2024,3/20/2024,1,508,8:12,1,No LFS Catch,0,Confluence
2024,3/20/2024,1,508,8:52,2,Longfin Smelt,1,Confluence
2024,3/20/2024,1,508,9:05,3,No LFS Catch,0,Confluence
2024,3/20/2024,1,513,10:43,1,No LFS Catch,0,Confluence
2024,3/20/2024,1,513,10:57,2,No LFS Catch,0,Confluence
2024,3/20/2024,1,513,11:11,3,No LFS Catch,0,Confluence
2024,3/21/2024,1,519,13:51,1,Longfin Smelt,5,Suisun Bay and West
2024,3/21/2024,1,519,14:05,2,Longfin Smelt,6,Suisun Bay and West
2024,3/21/2024,1,519,14:18,3,Longfin Smelt,4,Suisun Bay and West
2024,4/4/2024,2,602,11:34,1,Longfin Smelt,13,Suisun Bay and West
2024,4/4/2024,2,602,11:45,2,Longfin Smelt,20,Suisun Bay and West
2024,4/4/2024,2,602,12:02,3,Longfin Smelt,23,Suisun Bay and West
2024,4/4/2024,2,606,12:29,1,Longfin Smelt,71,Suisun Bay and West
2024,4/4/2024,2,606,12:43,2,Longfin Smelt,54,Suisun Bay and West
2024,4/4/2024,2,606,12:57,3,Longfin Smelt,71,Suisun Bay and West
2024,4/4/2024,2,418,10:41,1,Longfin Smelt,1,Suisun Bay and West
2024,4/4/2024,2,418,10:55,2,Longfin Smelt,2,Suisun Bay and West
2024,4/4/2024,2,418,11:09,3,Longfin Smelt,1,Suisun Bay and West
2024,4/4/2024,2,405,8:59,1,No LFS Catch,0,Suisun Bay and West
2024,4/4/2024,2,405,9:12,2,No LFS Catch,0,Suisun Bay and West
2024,4/4/2024,2,405,9:25,3,No LFS Catch,0,Suisun Bay and West
2024,4/4/2024,2,404,9:45,1,Longfin Smelt,1,Suisun Bay and West
2024,4/4/2024,2,404,9:59,2,Longfin Smelt,1,Suisun Bay and West
2024,4/4/2024,2,404,10:13,3,Longfin Smelt,1,Suisun Bay and West
2024,4/4/2024,2,610,14:21,1,No LFS Catch,0,Suisun Bay and West
2024,4/4/2024,2,610,14:34,2,No LFS Catch,0,Suisun Bay and West
2024,4/4/2024,2,610,14:48,3,No LFS Catch,0,Suisun Bay and West
2024,4/5/2024,2,508,10:05,1,Longfin Smelt,2,Confluence
2024,4/5/2024,2,508,10:18,2,Longfin Smelt,1,Confluence
2024,4/5/2024,2,508,10:31,3,Longfin Smelt,1,Confluence
2024,4/5/2024,2,513,9:20,1,Longfin Smelt,1,Confluence
2024,4/5/2024,2,513,9:33,2,Longfin Smelt,2,Confluence
2024,4/5/2024,2,513,9:46,3,Longfin Smelt,1,Confluence
2024,4/5/2024,2,519,10:52,1,Longfin Smelt,11,Suisun Bay and West
2024,4/5/2024,2,519,11:05,2,Longfin Smelt,14,Suisun Bay and West
2024,4/5/2024,2,519,11:18,3,Longfin Smelt,4,Suisun Bay and West
2024,4/5/2024,2,520,8:30,1,No LFS Catch,0,Confluence
2024,4/5/2024,2,520,8:45,2,No LFS Catch,0,Confluence
2024,4/5/2024,2,520,8:57,3,Longfin Smelt,1,Confluence
2024,4/5/2024,2,801,7:42,1,No LFS Catch,0,Confluence
2024,4/5/2024,2,801,7:56,2,Longfin Smelt,1,Confluence
2024,4/5/2024,2,801,8:10,3,No LFS Catch,0,Confluence
2024,4/2/2024,2,315,10:42,1,No LFS Catch,0,San Pablo Bay
2024,4/2/2024,2,315,10:56,2,No LFS Catch,0,San Pablo Bay
2024,4/2/2024,2,315,11:04,3,No LFS Catch,0,San Pablo Bay
2024,4/2/2024,2,718,8:33,1,No LFS Catch,0,Sacramento River System
2024,4/2/2024,2,718,8:46,2,No LFS Catch,0,Sacramento River System
2024,4/2/2024,2,718,8:59,3,No LFS Catch,0,Sacramento River System
2024,4/2/2024,2,726,11:15,1,No LFS Catch,0,Sacramento River System
2024,4/2/2024,2,726,11:29,2,No LFS Catch,0,Sacramento River System
2024,4/2/2024,2,726,11:42,3,No LFS Catch,0,Sacramento River System
2024,4/2/2024,2,720,9:25,1,No LFS Catch,0,Sacramento River System
2024,4/2/2024,2,720,9:38,2,No LFS Catch,0,Sacramento River System
2024,4/2/2024,2,720,9:55,3,No LFS Catch,0,Sacramento River System
2024,4/2/2024,2,719,12:51,1,No LFS Catch,0,Sacramento River System
2024,4/2/2024,2,719,13:05,2,No LFS Catch,0,Sacramento River System
2024,4/2/2024,2,719,13:18,3,No LFS Catch,0,Sacramento River System
2024,4/2/2024,2,711,13:56,1,No LFS Catch,0,Sacramento River System
2024,4/2/2024,2,711,14:11,2,No LFS Catch,0,Sacramento River System
2024,4/2/2024,2,711,14:20,3,No LFS Catch,0,Sacramento River System
2024,4/3/2024,2,707,7:27,1,No LFS Catch,0,Sacramento River System
2024,4/3/2024,2,707,7:40,2,No LFS Catch,0,Sacramento River System
2024,4/3/2024,2,707,7:55,3,No LFS Catch,0,Sacramento River System
2024,4/3/2024,2,706,9:00,1,No LFS Catch,0,Sacramento River System
2024,4/3/2024,2,706,9:14,2,No LFS Catch,0,Sacramento River System
2024,4/3/2024,2,706,9:26,3,No LFS Catch,0,Sacramento River System
2024,4/3/2024,2,705,8:11,1,No LFS Catch,0,Sacramento River System
2024,4/3/2024,2,705,8:24,2,No LFS Catch,0,Sacramento River System
2024,4/3/2024,2,705,8:38,3,No LFS Catch,0,Sacramento River System
2024,4/3/2024,2,401,8:06,1,No LFS Catch,0,Suisun Bay and West
2024,4/3/2024,2,401,8:27,2,No LFS Catch,0,Suisun Bay and West
2024,4/3/2024,2,401,8:41,3,No LFS Catch,0,Suisun Bay and West
2024,4/4/2024,2,609,13:25,1,Longfin Smelt,5,Suisun Bay and West
2024,4/4/2024,2,609,13:39,2,Longfin Smelt,2,Suisun Bay and West
2024,4/4/2024,2,609,13:51,3,Longfin Smelt,1,Suisun Bay and West
2024,4/15/2024,3,915,9:41,1,No LFS Catch,0,Central & South Delta
2024,4/15/2024,3,915,9:55,2,No LFS Catch,0,Central & South Delta
2024,4/15/2024,3,915,10:08,3,No LFS Catch,0,Central & South Delta
2024,4/15/2024,3,914,10:38,1,No LFS Catch,0,Central & South Delta
2024,4/15/2024,3,914,10:52,2,No LFS Catch,0,Central & South Delta
2024,4/15/2024,3,914,11:05,3,No LFS Catch,0,Central & South Delta
2024,4/15/2024,3,912,11:51,1,No LFS Catch,0,Central & South Delta
2024,4/15/2024,3,912,12:12,2,No LFS Catch,0,Central & South Delta
2024,4/15/2024,3,912,12:24,3,No LFS Catch,0,Central & South Delta
2024,4/15/2024,3,910,13:08,1,No LFS Catch,0,Central & South Delta
2024,4/15/2024,3,910,13:21,2,No LFS Catch,0,Central & South Delta
2024,4/15/2024,3,910,13:35,3,No LFS Catch,0,Central & South Delta
2024,4/15/2024,3,902,8:46,1,No LFS Catch,0,Central & South Delta
2024,4/15/2024,3,902,9:00,2,No LFS Catch,0,Central & South Delta
2024,4/15/2024,3,902,9:14,3,No LFS Catch,0,Central & South Delta
2024,4/15/2024,3,804,8:00,1,Longfin Smelt,1,Confluence
2024,4/15/2024,3,804,8:14,2,No LFS Catch,0,Confluence
2024,4/15/2024,3,804,8:29,3,No LFS Catch,0,Confluence
2024,4/15/2024,3,704,9:38,1,No LFS Catch,0,Sacramento River System
2024,4/15/2024,3,704,9:52,2,Longfin Smelt,1,Sacramento River System
2024,4/15/2024,3,704,10:06,3,No LFS Catch,0,Sacramento River System
2024,4/16/2024,3,723,11:29,1,No LFS Catch,0,Sacramento River System
2024,4/16/2024,3,723,11:42,2,No LFS Catch,0,Sacramento River System
2024,4/16/2024,3,723,11:55,3,No LFS Catch,0,Sacramento River System
2024,4/16/2024,3,716,7:30,1,No LFS Catch,0,Sacramento River System
2024,4/16/2024,3,716,7:44,2,No LFS Catch,0,Sacramento River System
2024,4/16/2024,3,716,7:58,3,No LFS Catch,0,Sacramento River System
2024,4/16/2024,3,906,8:46,1,No LFS Catch,0,Central & South Delta
2024,4/16/2024,3,906,9:00,2,No LFS Catch,0,Central & South Delta
2024,4/16/2024,3,906,9:14,3,No LFS Catch,0,Central & South Delta
2024,4/16/2024,3,919,7:33,1,No LFS Catch,0,Central & South Delta
2024,4/16/2024,3,919,7:49,2,No LFS Catch,0,Central & South Delta
2024,4/16/2024,3,919,8:04,3,No LFS Catch,0,Central & South Delta
2024,4/16/2024,3,901,11:31,1,No LFS Catch,0,Central & South Delta
2024,4/16/2024,3,901,11:44,2,No LFS Catch,0,Central & South Delta
2024,4/16/2024,3,901,11:57,3,No LFS Catch,0,Central & South Delta
2024,4/16/2024,3,812,10:30,1,No LFS Catch,0,Central & South Delta
2024,4/16/2024,3,812,10:43,2,No LFS Catch,0,Central & South Delta
2024,4/16/2024,3,812,10:56,3,No LFS Catch,0,Central & South Delta
2024,4/16/2024,3,809,12:22,1,No LFS Catch,0,Central & South Delta
2024,4/16/2024,3,809,12:36,2,No LFS Catch,0,Central & South Delta
2024,4/16/2024,3,809,12:50,3,No LFS Catch,0,Central & South Delta
2024,4/16/2024,3,815,9:38,1,No LFS Catch,0,Central & South Delta
2024,4/16/2024,3,815,9:53,2,No LFS Catch,0,Central & South Delta
2024,4/16/2024,3,815,10:05,3,No LFS Catch,0,Central & South Delta
2024,4/18/2024,3,520,13:19,1,No LFS Catch,0,Confluence
2024,4/18/2024,3,520,13:33,2,No LFS Catch,0,Confluence
2024,4/18/2024,3,520,13:46,3,No LFS Catch,0,Confluence
2024,4/17/2024,3,501,14:07,1,Longfin Smelt,451,Suisun Bay and West
2024,4/17/2024,3,501,14:21,2,Longfin Smelt,111,Suisun Bay and West
2024,4/17/2024,3,501,14:35,3,Longfin Smelt,163,Suisun Bay and West
2024,4/18/2024,3,504,11:53,1,Longfin Smelt,8,Suisun Bay and West
2024,4/18/2024,3,504,12:08,2,Longfin Smelt,18,Suisun Bay and West
2024,4/18/2024,3,504,12:23,3,Longfin Smelt,19,Suisun Bay and West
2024,4/18/2024,3,513,9:18,1,No LFS Catch,0,Confluence
2024,4/18/2024,3,513,9:33,2,No LFS Catch,0,Confluence
2024,4/18/2024,3,513,9:48,3,No LFS Catch,0,Confluence
2024,4/18/2024,3,519,11:05,1,Longfin Smelt,2,Suisun Bay and West
2024,4/18/2024,3,519,11:18,2,Longfin Smelt,1,Suisun Bay and West
2024,4/18/2024,3,519,11:31,3,Longfin Smelt,2,Suisun Bay and West
2024,4/18/2024,3,508,10:12,1,Longfin Smelt,1,Confluence
2024,4/18/2024,3,508,10:25,2,Longfin Smelt,3,Confluence
2024,4/18/2024,3,508,10:38,3,Longfin Smelt,2,Confluence
2024,4/17/2024,3,610,8:20,1,No LFS Catch,0,Suisun Bay and West
2024,4/17/2024,3,610,8:35,2,No LFS Catch,0,Suisun Bay and West
2024,4/17/2024,3,610,8:49,3,No LFS Catch,0,Suisun Bay and West
2024,4/17/2024,3,602,11:30,1,Longfin Smelt,43,Suisun Bay and West
2024,4/17/2024,3,602,11:43,2,Longfin Smelt,33,Suisun Bay and West
2024,4/17/2024,3,602,11:57,3,Longfin Smelt,73,Suisun Bay and West
2024,4/17/2024,3,609,9:15,1,No LFS Catch,0,Suisun Bay and West
2024,4/17/2024,3,609,9:43,2,Longfin Smelt,3,Suisun Bay and West
2024,4/17/2024,3,609,9:57,3,Longfin Smelt,3,Suisun Bay and West
2024,4/29/2024,4,703,9:29,1,No LFS Catch,0,Sacramento River System
2024,4/29/2024,4,703,9:43,2,Longfin Smelt,1,Sacramento River System
2024,4/29/2024,4,703,9:57,3,No LFS Catch,0,Sacramento River System
2024,4/29/2024,4,910,14:43,1,No LFS Catch,0,Central & South Delta
2024,4/29/2024,4,910,14:57,2,No LFS Catch,0,Central & South Delta
2024,4/29/2024,4,910,15:11,3,No LFS Catch,0,Central & South Delta
2024,4/29/2024,4,914,12:13,1,No LFS Catch,0,Central & South Delta
2024,4/29/2024,4,914,12:27,2,No LFS Catch,0,Central & South Delta
2024,4/29/2024,4,914,12:41,3,No LFS Catch,0,Central & South Delta
2024,4/29/2024,4,915,9:32,1,No LFS Catch,0,Central & South Delta
2024,4/29/2024,4,915,9:45,2,No LFS Catch,0,Central & South Delta
2024,4/29/2024,4,915,9:58,3,No LFS Catch,0,Central & South Delta
2024,4/29/2024,4,918,10:51,1,No LFS Catch,0,Central & South Delta
2024,4/29/2024,4,918,11:07,2,No LFS Catch,0,Central & South Delta
2024,4/29/2024,4,918,11:23,3,No LFS Catch,0,Central & South Delta
2024,4/18/2024,3,801,8:24,1,No LFS Catch,0,Confluence
2024,4/18/2024,3,801,8:40,2,No LFS Catch,0,Confluence
2024,4/18/2024,3,801,8:53,3,No LFS Catch,0,Confluence
2024,4/15/2024,3,707,12:02,1,No LFS Catch,0,Sacramento River System
2024,4/15/2024,3,707,12:15,2,No LFS Catch,0,Sacramento River System
2024,4/15/2024,3,707,12:29,3,No LFS Catch,0,Sacramento River System
2024,4/16/2024,3,719,10:32,1,No LFS Catch,0,Sacramento River System
2024,4/16/2024,3,719,10:47,2,No LFS Catch,0,Sacramento River System
2024,4/16/2024,3,719,11:00,3,No LFS Catch,0,Sacramento River System
2024,4/15/2024,3,705,11:16,1,No LFS Catch,0,Sacramento River System
2024,4/15/2024,3,705,11:31,2,No LFS Catch,0,Sacramento River System
2024,4/15/2024,3,705,11:44,3,No LFS Catch,0,Sacramento River System
2024,4/16/2024,3,718,8:22,1,No LFS Catch,0,Sacramento River System
2024,4/16/2024,3,718,8:35,2,No LFS Catch,0,Sacramento River System
2024,4/16/2024,3,718,8:50,3,No LFS Catch,0,Sacramento River System
2024,4/16/2024,3,720,9:14,1,No LFS Catch,0,Sacramento River System
2024,4/16/2024,3,720,9:29,2,No LFS Catch,0,Sacramento River System
2024,4/16/2024,3,720,9:44,3,No LFS Catch,0,Sacramento River System
2024,4/16/2024,3,726,12:42,1,No LFS Catch,0,Sacramento River System
2024,4/16/2024,3,726,12:56,2,Longfin Smelt,1,Sacramento River System
2024,4/16/2024,3,726,13:10,3,No LFS Catch,0,Sacramento River System
2024,4/15/2024,3,711,12:57,1,No LFS Catch,0,Sacramento River System
2024,4/15/2024,3,711,13:11,2,No LFS Catch,0,Sacramento River System
2024,4/15/2024,3,711,13:24,3,No LFS Catch,0,Sacramento River System
2024,4/16/2024,3,724,13:31,1,No LFS Catch,0,Sacramento River System
2024,4/16/2024,3,724,13:45,2,No LFS Catch,0,Sacramento River System
2024,4/16/2024,3,724,13:58,3,No LFS Catch,0,Sacramento River System
2024,4/15/2024,3,703,8:53,1,Longfin Smelt,2,Sacramento River System
2024,4/15/2024,3,703,9:06,2,No LFS Catch,0,Sacramento River System
2024,4/15/2024,3,703,9:19,3,No LFS Catch,0,Sacramento River System
2024,4/15/2024,3,706,10:27,1,No LFS Catch,0,Sacramento River System
2024,4/15/2024,3,706,10:41,2,No LFS Catch,0,Sacramento River System
2024,4/15/2024,3,706,10:56,3,No LFS Catch,0,Sacramento River System
2024,4/17/2024,3,418,12:23,1,Longfin Smelt,2,Suisun Bay and West
2024,4/17/2024,3,418,12:37,2,Longfin Smelt,2,Suisun Bay and West
2024,4/17/2024,3,418,12:51,3,No LFS Catch,0,Suisun Bay and West
2024,4/17/2024,3,411,13:15,1,No LFS Catch,0,Suisun Bay and West
2024,4/17/2024,3,411,13:29,2,No LFS Catch,0,Suisun Bay and West
2024,4/17/2024,3,411,13:43,3,No LFS Catch,0,Suisun Bay and West
2024,4/17/2024,3,405,11:04,1,No LFS Catch,0,Suisun Bay and West
2024,4/17/2024,3,405,11:18,2,No LFS Catch,0,Suisun Bay and West
2024,4/17/2024,3,405,11:30,3,Longfin Smelt,1,Suisun Bay and West
2024,4/17/2024,3,404,10:19,1,No LFS Catch,0,Suisun Bay and West
2024,4/17/2024,3,404,10:33,2,No LFS Catch,0,Suisun Bay and West
2024,4/17/2024,3,404,10:46,3,No LFS Catch,0,Suisun Bay and West
2024,4/15/2024,3,401,8:43,1,No LFS Catch,0,Suisun Bay and West
2024,4/15/2024,3,401,9:00,2,No LFS Catch,0,Suisun Bay and West
2024,4/15/2024,3,401,9:15,3,No LFS Catch,0,Suisun Bay and West
2024,4/29/2024,4,902,8:37,1,No LFS Catch,0,Central & South Delta
2024,4/29/2024,4,902,8:50,2,No LFS Catch,0,Central & South Delta
2024,4/29/2024,4,902,9:05,3,No LFS Catch,0,Central & South Delta
2024,4/29/2024,4,804,8:10,1,No LFS Catch,0,Confluence
2024,4/29/2024,4,804,8:22,2,No LFS Catch,0,Confluence
2024,4/29/2024,4,804,8:35,3,No LFS Catch,0,Confluence
2024,4/29/2024,4,912,13:48,1,No LFS Catch,0,Central & South Delta
2024,4/29/2024,4,912,14:02,2,No LFS Catch,0,Central & South Delta
2024,4/29/2024,4,912,14:16,3,No LFS Catch,0,Central & South Delta
2024,4/30/2024,4,919,7:02,1,No LFS Catch,0,Central & South Delta
2024,4/30/2024,4,919,7:15,2,No LFS Catch,0,Central & South Delta
2024,4/30/2024,4,919,7:31,3,No LFS Catch,0,Central & South Delta
2024,4/30/2024,4,906,8:04,1,No LFS Catch,0,Central & South Delta
2024,4/30/2024,4,906,8:18,2,No LFS Catch,0,Central & South Delta
2024,4/30/2024,4,906,8:32,3,No LFS Catch,0,Central & South Delta
2024,4/30/2024,4,901,11:02,1,No LFS Catch,0,Central & South Delta
2024,4/30/2024,4,901,11:15,2,No LFS Catch,0,Central & South Delta
2024,4/30/2024,4,901,11:33,3,No LFS Catch,0,Central & South Delta
2024,4/30/2024,4,809,11:59,1,No LFS Catch,0,Central & South Delta
2024,4/30/2024,4,809,12:13,2,No LFS Catch,0,Central & South Delta
2024,4/30/2024,4,809,12:27,3,No LFS Catch,0,Central & South Delta
2024,4/30/2024,4,812,10:00,1,No LFS Catch,0,Central & South Delta
2024,4/30/2024,4,812,10:16,2,No LFS Catch,0,Central & South Delta
2024,4/30/2024,4,812,10:30,3,No LFS Catch,0,Central & South Delta
2024,4/30/2024,4,815,8:56,1,No LFS Catch,0,Central & South Delta
2024,4/30/2024,4,815,9:10,2,No LFS Catch,0,Central & South Delta
2024,4/30/2024,4,815,9:35,3,No LFS Catch,0,Central & South Delta
2024,4/30/2024,4,716,8:18,1,No LFS Catch,0,Sacramento River System
2024,4/30/2024,4,716,8:31,2,No LFS Catch,0,Sacramento River System
2024,4/30/2024,4,716,8:44,3,No LFS Catch,0,Sacramento River System
2024,4/30/2024,4,718,9:08,1,No LFS Catch,0,Sacramento River System
2024,4/30/2024,4,718,9:21,2,No LFS Catch,0,Sacramento River System
2024,4/30/2024,4,718,9:34,3,No LFS Catch,0,Sacramento River System
2024,4/30/2024,4,719,11:07,1,No LFS Catch,0,Sacramento River System
2024,4/30/2024,4,719,11:19,2,No LFS Catch,0,Sacramento River System
2024,4/30/2024,4,719,11:32,3,No LFS Catch,0,Sacramento River System
2024,4/30/2024,4,720,9:58,1,No LFS Catch,0,Sacramento River System
2024,4/30/2024,4,720,10:11,2,No LFS Catch,0,Sacramento River System
2024,4/30/2024,4,720,10:24,3,No LFS Catch,0,Sacramento River System
2024,4/30/2024,4,724,12:04,1,No LFS Catch,0,Sacramento River System
2024,4/30/2024,4,724,12:17,2,No LFS Catch,0,Sacramento River System
2024,4/30/2024,4,724,12:30,3,No LFS Catch,0,Sacramento River System
2024,4/30/2024,4,726,12:50,1,No LFS Catch,0,Sacramento River System
2024,4/30/2024,4,726,13:04,2,No LFS Catch,0,Sacramento River System
2024,4/30/2024,4,726,13:15,3,No LFS Catch,0,Sacramento River System
2024,5/2/2024,4,801,7:40,1,No LFS Catch,0,Confluence
2024,5/2/2024,4,801,7:50,2,No LFS Catch,0,Confluence
2024,5/2/2024,4,801,8:04,3,No LFS Catch,0,Confluence
2024,4/5/2024,2,501,12:26,1,Longfin Smelt,129,Suisun Bay and West
2024,4/5/2024,2,501,12:40,2,Longfin Smelt,88,Suisun Bay and West
2024,4/5/2024,2,501,12:53,3,Longfin Smelt,102,Suisun Bay and West
2024,4/5/2024,2,504,11:38,1,Longfin Smelt,255,Suisun Bay and West
2024,4/5/2024,2,504,11:51,2,Longfin Smelt,372,Suisun Bay and West
2024,4/5/2024,2,504,12:04,3,Longfin Smelt,214,Suisun Bay and West
2024,4/4/2024,2,411,8:07,1,Longfin Smelt,1,Suisun Bay and West
2024,4/4/2024,2,411,8:22,2,Longfin Smelt,2,Suisun Bay and West
2024,4/4/2024,2,411,8:37,3,Longfin Smelt,2,Suisun Bay and West
2024,4/4/2024,2,342,15:51,1,Longfin Smelt,144,Napa River
2024,4/4/2024,2,342,16:04,2,Longfin Smelt,217,Napa River
2024,4/4/2024,2,342,16:18,3,Longfin Smelt,103,Napa River
2024,4/4/2024,2,335,9:03,1,Longfin Smelt,8,San Pablo Bay
2024,4/4/2024,2,335,9:17,2,No LFS Catch,0,San Pablo Bay
2024,4/4/2024,2,335,9:30,3,Longfin Smelt,3,San Pablo Bay
2024,4/2/2024,2,322,13:52,1,No LFS Catch,0,San Pablo Bay
2024,4/2/2024,2,322,14:06,2,No LFS Catch,0,San Pablo Bay
2024,4/2/2024,2,322,14:20,3,No LFS Catch,0,San Pablo Bay
2024,4/2/2024,2,306,12:15,1,No LFS Catch,0,San Pablo Bay
2024,4/2/2024,2,306,12:29,2,No LFS Catch,0,San Pablo Bay
2024,4/2/2024,2,306,12:41,3,No LFS Catch,0,San Pablo Bay
2024,4/2/2024,2,308,11:28,1,No LFS Catch,0,San Pablo Bay
2024,4/2/2024,2,308,11:41,2,No LFS Catch,0,San Pablo Bay
2024,4/2/2024,2,308,11:55,3,No LFS Catch,0,San Pablo Bay
2024,4/2/2024,2,311,13:03,1,No LFS Catch,0,San Pablo Bay
2024,4/2/2024,2,311,13:17,2,No LFS Catch,0,San Pablo Bay
2024,4/2/2024,2,311,13:30,3,No LFS Catch,0,San Pablo Bay
2024,4/2/2024,2,323,15:29,1,No LFS Catch,0,San Pablo Bay
2024,4/2/2024,2,323,15:43,2,No LFS Catch,0,San Pablo Bay
2024,4/2/2024,2,323,15:59,3,No LFS Catch,0,San Pablo Bay
2024,4/2/2024,2,327,9:56,1,No LFS Catch,0,San Pablo Bay
2024,4/2/2024,2,327,10:09,2,Longfin Smelt,1,San Pablo Bay
2024,4/2/2024,2,327,10:22,3,No LFS Catch,0,San Pablo Bay
2024,4/2/2024,2,328,9:10,1,No LFS Catch,0,San Pablo Bay
2024,4/2/2024,2,328,9:24,2,No LFS Catch,0,San Pablo Bay
2024,4/2/2024,2,328,9:38,3,No LFS Catch,0,San Pablo Bay
2024,5/13/2024,5,703,8:16,1,No LFS Catch,0,Sacramento River System
2024,5/13/2024,5,703,8:35,2,No LFS Catch,0,Sacramento River System
2024,5/13/2024,5,703,8:42,3,No LFS Catch,0,Sacramento River System
2024,5/13/2024,5,804,7:21,1,No LFS Catch,0,Confluence
2024,5/13/2024,5,804,7:36,2,No LFS Catch,0,Confluence
2024,5/13/2024,5,804,7:50,3,No LFS Catch,0,Confluence
2024,5/14/2024,5,919,7:26,1,No LFS Catch,0,Central & South Delta
2024,5/14/2024,5,919,7:38,2,No LFS Catch,0,Central & South Delta
2024,5/14/2024,5,919,7:50,3,No LFS Catch,0,Central & South Delta
2024,5/14/2024,5,809,12:15,1,No LFS Catch,0,Central & South Delta
2024,5/14/2024,5,809,12:28,2,No LFS Catch,0,Central & South Delta
2024,5/14/2024,5,809,12:41,3,No LFS Catch,0,Central & South Delta
2024,5/13/2024,5,910,14:12,1,No LFS Catch,0,Central & South Delta
2024,5/13/2024,5,910,14:26,2,No LFS Catch,0,Central & South Delta
2024,5/13/2024,5,910,14:39,3,No LFS Catch,0,Central & South Delta
2024,5/13/2024,5,915,9:37,1,No LFS Catch,0,Central & South Delta
2024,5/13/2024,5,915,9:48,2,No LFS Catch,0,Central & South Delta
2024,5/13/2024,5,915,10:00,3,No LFS Catch,0,Central & South Delta
2024,5/13/2024,5,918,10:45,1,No LFS Catch,0,Central & South Delta
2024,5/13/2024,5,918,10:59,2,No LFS Catch,0,Central & South Delta
2024,5/13/2024,5,918,11:13,3,No LFS Catch,0,Central & South Delta
2024,5/13/2024,5,902,8:42,1,No LFS Catch,0,Central & South Delta
2024,5/13/2024,5,902,8:56,2,No LFS Catch,0,Central & South Delta
2024,5/13/2024,5,902,9:10,3,No LFS Catch,0,Central & South Delta
2024,5/13/2024,5,705,10:43,1,No LFS Catch,0,Sacramento River System
2024,5/13/2024,5,705,10:57,2,No LFS Catch,0,Sacramento River System
2024,5/13/2024,5,705,11:16,3,No LFS Catch,0,Sacramento River System
2024,3/19/2024,1,411,13:32,1,Longfin Smelt,206,Suisun Bay and West
2024,3/19/2024,1,411,13:45,2,Longfin Smelt,373,Suisun Bay and West
2024,3/19/2024,1,411,14:00,3,Longfin Smelt,1097,Suisun Bay and West
2024,3/18/2024,1,315,12:29,1,Longfin Smelt,2,San Pablo Bay
2024,3/18/2024,1,315,12:45,2,No LFS Catch,0,San Pablo Bay
2024,3/18/2024,1,315,13:00,3,No LFS Catch,0,San Pablo Bay
2024,3/18/2024,1,308,13:20,1,Longfin Smelt,2,San Pablo Bay
2024,3/18/2024,1,308,13:40,2,Longfin Smelt,2,San Pablo Bay
2024,3/18/2024,1,308,13:53,3,No LFS Catch,0,San Pablo Bay
2024,3/18/2024,1,306,14:10,1,No LFS Catch,0,San Pablo Bay
2024,3/18/2024,1,306,14:27,2,No LFS Catch,0,San Pablo Bay
2024,3/18/2024,1,306,14:39,3,No LFS Catch,0,San Pablo Bay
2024,3/20/2024,1,346,13:42,1,Longfin Smelt,117,Napa River
2024,3/20/2024,1,346,13:57,2,Longfin Smelt,110,Napa River
2024,3/20/2024,1,346,14:11,3,Longfin Smelt,88,Napa River
2024,3/20/2024,1,345,12:52,1,Longfin Smelt,93,Napa River
2024,3/20/2024,1,345,13:07,2,Longfin Smelt,170,Napa River
2024,3/20/2024,1,345,13:21,3,Longfin Smelt,273,Napa River
2024,3/20/2024,1,343,10:38,1,Longfin Smelt,21,Napa River
2024,3/20/2024,1,343,10:52,2,Longfin Smelt,6,Napa River
2024,3/20/2024,1,343,11:06,3,Longfin Smelt,12,Napa River
2024,3/20/2024,1,342,9:44,1,Longfin Smelt,10,Napa River
2024,3/20/2024,1,342,9:58,2,Longfin Smelt,58,Napa River
2024,3/20/2024,1,342,10:13,3,Longfin Smelt,75,Napa River
2024,3/20/2024,1,340,8:42,1,Longfin Smelt,8,Napa River
2024,3/20/2024,1,340,8:58,2,Longfin Smelt,15,Napa River
2024,3/20/2024,1,340,9:13,3,Longfin Smelt,8,Napa River
2024,3/19/2024,1,338,7:40,1,No LFS Catch,0,San Pablo Bay
2024,3/19/2024,1,338,7:56,2,Longfin Smelt,3,San Pablo Bay
2024,3/19/2024,1,338,8:09,3,No LFS Catch,0,San Pablo Bay
2024,3/19/2024,1,336,8:29,1,Longfin Smelt,7,San Pablo Bay
2024,3/19/2024,1,336,8:43,2,Longfin Smelt,7,San Pablo Bay
2024,3/19/2024,1,336,8:56,3,Longfin Smelt,14,San Pablo Bay
2024,3/18/2024,1,335,9:54,1,Longfin Smelt,1,San Pablo Bay
2024,3/18/2024,1,335,10:08,2,No LFS Catch,0,San Pablo Bay
2024,3/18/2024,1,335,10:23,3,No LFS Catch,0,San Pablo Bay
2024,3/18/2024,1,330,16:34,1,Longfin Smelt,5,San Pablo Bay
2024,3/18/2024,1,330,16:47,2,Longfin Smelt,4,San Pablo Bay
2024,3/18/2024,1,330,16:58,3,Longfin Smelt,5,San Pablo Bay
2024,3/18/2024,1,329,8:51,1,Longfin Smelt,1,San Pablo Bay
2024,3/18/2024,1,329,9:17,2,No LFS Catch,0,San Pablo Bay
2024,3/18/2024,1,329,9:34,3,Longfin Smelt,3,San Pablo Bay
2024,3/18/2024,1,328,10:49,1,No LFS Catch,0,San Pablo Bay
2024,3/18/2024,1,328,11:02,2,Longfin Smelt,1,San Pablo Bay
2024,3/18/2024,1,328,11:19,3,Longfin Smelt,1,San Pablo Bay
2024,3/19/2024,1,323,9:16,1,Longfin Smelt,3,San Pablo Bay
2024,3/19/2024,1,323,9:28,2,No LFS Catch,0,San Pablo Bay
2024,3/19/2024,1,323,9:42,3,No LFS Catch,0,San Pablo Bay
2024,3/18/2024,1,327,11:37,1,Longfin Smelt,3,San Pablo Bay
2024,3/18/2024,1,327,11:53,2,Longfin Smelt,7,San Pablo Bay
2024,3/18/2024,1,327,12:07,3,Longfin Smelt,15,San Pablo Bay
2024,3/18/2024,1,322,15:47,1,Longfin Smelt,3,San Pablo Bay
2024,3/18/2024,1,322,16:02,2,Longfin Smelt,10,San Pablo Bay
2024,3/18/2024,1,322,16:16,3,Longfin Smelt,8,San Pablo Bay
2024,3/20/2024,1,344,11:42,1,Longfin Smelt,138,Napa River
2024,3/20/2024,1,344,11:58,2,Longfin Smelt,118,Napa River
2024,3/20/2024,1,344,12:15,3,Longfin Smelt,195,Napa River
2024,3/18/2024,1,311,15:02,1,No LFS Catch,0,San Pablo Bay
2024,3/18/2024,1,311,15:15,2,Longfin Smelt,4,San Pablo Bay
2024,3/18/2024,1,311,15:29,3,Longfin Smelt,1,San Pablo Bay
2024,4/4/2024,2,336,10:40,1,Longfin Smelt,5,San Pablo Bay
2024,4/4/2024,2,336,10:53,2,Longfin Smelt,2,San Pablo Bay
2024,4/4/2024,2,336,11:09,3,Longfin Smelt,3,San Pablo Bay
2024,4/4/2024,2,338,11:33,1,No LFS Catch,0,San Pablo Bay
2024,4/4/2024,2,338,11:47,2,No LFS Catch,0,San Pablo Bay
2024,4/4/2024,2,338,12:04,3,No LFS Catch,0,San Pablo Bay
2024,4/4/2024,2,329,9:49,1,No LFS Catch,0,San Pablo Bay
2024,4/4/2024,2,329,10:03,2,No LFS Catch,0,San Pablo Bay
2024,4/4/2024,2,329,10:17,3,No LFS Catch,0,San Pablo Bay
2024,4/2/2024,2,330,14:38,1,No LFS Catch,0,San Pablo Bay
2024,4/2/2024,2,330,14:51,2,No LFS Catch,0,San Pablo Bay
2024,4/2/2024,2,330,15:04,3,No LFS Catch,0,San Pablo Bay
2024,4/3/2024,2,340,9:06,1,Longfin Smelt,1,Napa River
2024,4/3/2024,2,340,9:23,2,No LFS Catch,0,Napa River
2024,4/3/2024,2,340,9:40,3,No LFS Catch,0,Napa River
2024,4/4/2024,2,343,14:59,1,Longfin Smelt,497,Napa River
2024,4/4/2024,2,343,15:13,2,Longfin Smelt,358,Napa River
2024,4/4/2024,2,343,15:27,3,Longfin Smelt,317,Napa River
2024,4/4/2024,2,345,13:10,1,Longfin Smelt,978,Napa River
2024,4/4/2024,2,345,13:24,2,Longfin Smelt,954,Napa River
2024,4/4/2024,2,345,13:37,3,Longfin Smelt,1013,Napa River
2024,5/13/2024,5,912,13:09,1,No LFS Catch,0,Central & South Delta
2024,5/13/2024,5,912,13:22,2,No LFS Catch,0,Central & South Delta
2024,5/13/2024,5,912,13:37,3,No LFS Catch,0,Central & South Delta
2024,5/14/2024,5,901,10:57,1,No LFS Catch,0,Central & South Delta
2024,5/14/2024,5,901,11:10,2,No LFS Catch,0,Central & South Delta
2024,5/14/2024,5,901,11:24,3,No LFS Catch,0,Central & South Delta
2024,5/14/2024,5,812,9:59,1,No LFS Catch,0,Central & South Delta
2024,5/14/2024,5,812,10:12,2,No LFS Catch,0,Central & South Delta
2024,5/14/2024,5,812,10:25,3,No LFS Catch,0,Central & South Delta
2024,5/14/2024,5,815,9:09,1,No LFS Catch,0,Central & South Delta
2024,5/14/2024,5,815,9:22,2,No LFS Catch,0,Central & South Delta
2024,5/14/2024,5,815,9:35,3,No LFS Catch,0,Central & South Delta
2024,5/14/2024,5,906,8:19,1,No LFS Catch,0,Central & South Delta
2024,5/14/2024,5,906,8:32,2,No LFS Catch,0,Central & South Delta
2024,5/14/2024,5,906,8:45,3,No LFS Catch,0,Central & South Delta
2024,4/16/2024,3,327,10:11,1,No LFS Catch,0,San Pablo Bay
2024,4/16/2024,3,327,10:25,2,No LFS Catch,0,San Pablo Bay
2024,4/16/2024,3,327,10:38,3,No LFS Catch,0,San Pablo Bay
2024,4/17/2024,3,323,7:48,1,No LFS Catch,0,San Pablo Bay
2024,4/17/2024,3,323,8:02,2,No LFS Catch,0,San Pablo Bay
2024,4/17/2024,3,323,8:16,3,No LFS Catch,0,San Pablo Bay
2024,4/17/2024,3,336,8:36,1,No LFS Catch,0,San Pablo Bay
2024,4/17/2024,3,336,8:50,2,No LFS Catch,0,San Pablo Bay
2024,4/17/2024,3,336,9:03,3,No LFS Catch,0,San Pablo Bay
2024,4/15/2024,3,343,11:30,1,Longfin Smelt,24,Napa River
2024,4/15/2024,3,343,11:43,2,Longfin Smelt,66,Napa River
2024,4/15/2024,3,343,12:14,3,Longfin Smelt,28,Napa River
2024,4/15/2024,3,345,13:33,1,Longfin Smelt,233,Napa River
2024,4/15/2024,3,345,13:57,2,Longfin Smelt,380,Napa River
2024,4/15/2024,3,345,14:11,3,Longfin Smelt,605,Napa River
2024,4/3/2024,2,346,10:36,1,Longfin Smelt,372,Napa River
2024,4/3/2024,2,346,10:51,2,Longfin Smelt,431,Napa River
2024,4/3/2024,2,346,11:05,3,Longfin Smelt,363,Napa River
2024,4/4/2024,2,344,13:59,1,Longfin Smelt,854,Napa River
2024,4/4/2024,2,344,14:13,2,Longfin Smelt,827,Napa River
2024,4/4/2024,2,344,14:27,3,Longfin Smelt,772,Napa River
2024,5/13/2024,5,914,12:00,1,No LFS Catch,0,Central & South Delta
2024,5/13/2024,5,914,12:13,2,No LFS Catch,0,Central & South Delta
2024,5/13/2024,5,914,12:26,3,No LFS Catch,0,Central & South Delta
2024,5/14/2024,5,405,8:56,1,No LFS Catch,0,Suisun Bay and West
2024,5/14/2024,5,405,9:10,2,No LFS Catch,0,Suisun Bay and West
2024,5/14/2024,5,405,9:24,3,No LFS Catch,0,Suisun Bay and West
2024,5/15/2024,5,323,7:15,1,No LFS Catch,0,San Pablo Bay
2024,5/15/2024,5,323,7:28,2,No LFS Catch,0,San Pablo Bay
2024,5/15/2024,5,323,7:41,3,No LFS Catch,0,San Pablo Bay
2024,5/16/2024,5,801,7:18,1,No LFS Catch,0,Confluence
2024,5/16/2024,5,801,7:23,2,No LFS Catch,0,Confluence
2024,5/16/2024,5,801,7:46,3,No LFS Catch,0,Confluence
2024,4/3/2024,2,703,10:31,1,Longfin Smelt,1,Sacramento River System
2024,4/3/2024,2,703,10:44,2,No LFS Catch,0,Sacramento River System
2024,4/3/2024,2,703,10:56,3,No LFS Catch,0,Sacramento River System
2024,4/15/2024,3,342,10:39,1,Longfin Smelt,24,Napa River
2024,4/15/2024,3,342,10:52,2,Longfin Smelt,14,Napa River
2024,4/15/2024,3,342,11:04,3,Longfin Smelt,36,Napa River
2024,4/15/2024,3,340,9:42,1,Longfin Smelt,6,Napa River
2024,4/15/2024,3,340,9:55,2,Longfin Smelt,7,Napa River
2024,4/15/2024,3,340,10:08,3,Longfin Smelt,10,Napa River
2024,4/17/2024,3,338,9:24,1,No LFS Catch,0,San Pablo Bay
2024,4/17/2024,3,338,9:37,2,No LFS Catch,0,San Pablo Bay
2024,4/17/2024,3,338,9:50,3,No LFS Catch,0,San Pablo Bay
2024,4/16/2024,3,335,8:40,1,No LFS Catch,0,San Pablo Bay
2024,4/16/2024,3,335,8:53,2,No LFS Catch,0,San Pablo Bay
2024,4/16/2024,3,335,9:06,3,No LFS Catch,0,San Pablo Bay
2024,4/16/2024,3,330,14:48,1,No LFS Catch,0,San Pablo Bay
2024,4/16/2024,3,330,15:03,2,No LFS Catch,0,San Pablo Bay
2024,4/16/2024,3,330,15:16,3,No LFS Catch,0,San Pablo Bay
2024,4/16/2024,3,329,7:54,1,No LFS Catch,0,San Pablo Bay
2024,4/16/2024,3,329,8:07,2,No LFS Catch,0,San Pablo Bay
2024,4/16/2024,3,329,8:21,3,No LFS Catch,0,San Pablo Bay
2024,4/16/2024,3,328,9:26,1,No LFS Catch,0,San Pablo Bay
2024,4/16/2024,3,328,9:39,2,No LFS Catch,0,San Pablo Bay
2024,4/16/2024,3,328,9:52,3,No LFS Catch,0,San Pablo Bay
2024,4/16/2024,3,322,14:05,1,No LFS Catch,0,San Pablo Bay
2024,4/16/2024,3,322,14:24,2,No LFS Catch,0,San Pablo Bay
2024,4/16/2024,3,322,14:32,3,No LFS Catch,0,San Pablo Bay
2024,4/16/2024,3,315,10:57,1,No LFS Catch,0,San Pablo Bay
2024,4/16/2024,3,315,11:09,2,No LFS Catch,0,San Pablo Bay
2024,4/16/2024,3,315,11:22,3,No LFS Catch,0,San Pablo Bay
2024,4/16/2024,3,311,13:20,1,No LFS Catch,0,San Pablo Bay
2024,4/16/2024,3,311,13:33,2,No LFS Catch,0,San Pablo Bay
2024,4/16/2024,3,311,13:46,3,No LFS Catch,0,San Pablo Bay
2024,4/16/2024,3,308,11:41,1,No LFS Catch,0,San Pablo Bay
2024,4/16/2024,3,308,11:55,2,No LFS Catch,0,San Pablo Bay
2024,4/16/2024,3,308,12:10,3,No LFS Catch,0,San Pablo Bay
2024,4/16/2024,3,306,12:29,1,No LFS Catch,0,San Pablo Bay
2024,4/16/2024,3,306,12:40,2,No LFS Catch,0,San Pablo Bay
2024,4/16/2024,3,306,12:56,3,No LFS Catch,0,San Pablo Bay
2024,5/28/2024,6,804,8:09,1,No LFS Catch,0,Confluence
2024,5/28/2024,6,804,8:22,2,No LFS Catch,0,Confluence
2024,5/28/2024,6,804,8:35,3,No LFS Catch,0,Confluence
2024,5/28/2024,6,902,9:49,1,No LFS Catch,0,Central & South Delta
2024,5/28/2024,6,902,9:57,2,No LFS Catch,0,Central & South Delta
2024,5/28/2024,6,902,10:07,3,No LFS Catch,0,Central & South Delta
2024,5/28/2024,6,919,15:12,1,No LFS Catch,0,Central & South Delta
2024,5/28/2024,6,919,15:25,2,No LFS Catch,0,Central & South Delta
2024,5/28/2024,6,919,15:38,3,No LFS Catch,0,Central & South Delta
2024,5/28/2024,6,918,11:52,1,No LFS Catch,0,Central & South Delta
2024,5/28/2024,6,918,12:08,2,No LFS Catch,0,Central & South Delta
2024,5/28/2024,6,918,12:24,3,No LFS Catch,0,Central & South Delta
2024,5/28/2024,6,914,13:36,1,No LFS Catch,0,Central & South Delta
2024,5/28/2024,6,914,13:51,2,No LFS Catch,0,Central & South Delta
2024,5/28/2024,6,914,14:05,3,No LFS Catch,0,Central & South Delta
2024,5/29/2024,6,912,8:11,1,No LFS Catch,0,Central & South Delta
2024,5/29/2024,6,912,8:25,2,No LFS Catch,0,Central & South Delta
2024,5/29/2024,6,912,8:40,3,No LFS Catch,0,Central & South Delta
2024,5/29/2024,6,906,10:01,1,No LFS Catch,0,Central & South Delta
2024,5/29/2024,6,906,10:13,2,No LFS Catch,0,Central & South Delta
2024,5/29/2024,6,906,10:26,3,No LFS Catch,0,Central & South Delta
2024,5/29/2024,6,910,9:07,1,No LFS Catch,0,Central & South Delta
2024,5/29/2024,6,910,9:22,2,No LFS Catch,0,Central & South Delta
2024,5/29/2024,6,910,9:36,3,No LFS Catch,0,Central & South Delta
2024,5/28/2024,6,915,10:31,1,No LFS Catch,0,Central & South Delta
2024,5/28/2024,6,915,10:45,2,No LFS Catch,0,Central & South Delta
2024,5/28/2024,6,915,10:59,3,No LFS Catch,0,Central & South Delta
2024,5/29/2024,6,809,12:44,1,No LFS Catch,0,Central & South Delta
2024,5/29/2024,6,809,12:58,2,No LFS Catch,0,Central & South Delta
2024,5/29/2024,6,809,13:11,3,No LFS Catch,0,Central & South Delta
2024,5/29/2024,6,815,10:52,1,No LFS Catch,0,Central & South Delta
2024,5/29/2024,6,815,11:06,2,No LFS Catch,0,Central & South Delta
2024,5/29/2024,6,815,11:20,3,No LFS Catch,0,Central & South Delta
2024,5/28/2024,6,901,8:40,1,No LFS Catch,0,Central & South Delta
2024,5/28/2024,6,901,8:56,2,No LFS Catch,0,Central & South Delta
2024,5/28/2024,6,901,9:05,3,No LFS Catch,0,Central & South Delta
2024,5/1/2024,4,411,12:24,1,Longfin Smelt,6,Suisun Bay and West
2024,5/1/2024,4,411,12:37,2,Longfin Smelt,5,Suisun Bay and West
2024,5/1/2024,4,411,12:50,3,Longfin Smelt,8,Suisun Bay and West
2024,5/2/2024,4,513,8:23,1,Longfin Smelt,1,Confluence
2024,5/2/2024,4,513,8:35,2,No LFS Catch,0,Confluence
2024,5/2/2024,4,513,8:48,3,No LFS Catch,0,Confluence
2024,5/29/2024,6,812,11:48,1,No LFS Catch,0,Central & South Delta
2024,5/29/2024,6,812,12:02,2,No LFS Catch,0,Central & South Delta
2024,5/29/2024,6,812,12:16,3,No LFS Catch,0,Central & South Delta
2024,5/1/2024,4,520,13:50,1,No LFS Catch,0,Confluence
2024,5/1/2024,4,520,14:02,2,Longfin Smelt,1,Confluence
2024,5/1/2024,4,520,14:15,3,No LFS Catch,0,Confluence
2024,5/1/2024,4,610,8:01,1,No LFS Catch,0,Suisun Bay and West
2024,5/1/2024,4,610,8:14,2,No LFS Catch,0,Suisun Bay and West
2024,5/1/2024,4,610,8:27,3,No LFS Catch,0,Suisun Bay and West
2024,5/2/2024,4,508,9:09,1,No LFS Catch,0,Confluence
2024,5/2/2024,4,508,9:21,2,Longfin Smelt,1,Confluence
2024,5/2/2024,4,508,9:34,3,No LFS Catch,0,Confluence
2024,5/1/2024,4,335,8:26,1,No LFS Catch,0,San Pablo Bay
2024,5/1/2024,4,335,8:39,2,No LFS Catch,0,San Pablo Bay
2024,5/1/2024,4,335,8:53,3,No LFS Catch,0,San Pablo Bay
2024,5/2/2024,4,323,9:31,1,No LFS Catch,0,San Pablo Bay
2024,5/2/2024,4,323,9:45,2,No LFS Catch,0,San Pablo Bay
2024,5/2/2024,4,323,9:59,3,No LFS Catch,0,San Pablo Bay
2024,4/17/2024,3,606,10:36,1,Longfin Smelt,81,Suisun Bay and West
2024,4/17/2024,3,606,10:50,2,Longfin Smelt,120,Suisun Bay and West
2024,4/17/2024,3,606,11:06,3,Longfin Smelt,123,Suisun Bay and West
2024,4/15/2024,3,346,14:31,1,Longfin Smelt,54,Napa River
2024,4/15/2024,3,346,14:45,2,Longfin Smelt,54,Napa River
2024,4/15/2024,3,346,14:58,3,Longfin Smelt,25,Napa River
2024,4/15/2024,3,344,12:45,1,Longfin Smelt,668,Napa River
2024,4/15/2024,3,344,13:00,2,Longfin Smelt,690,Napa River
2024,4/15/2024,3,344,13:15,3,Longfin Smelt,671,Napa River
2024,6/10/2024,7,915,9:47,1,No LFS Catch,0,Central & South Delta
2024,6/10/2024,7,915,10:01,2,No LFS Catch,0,Central & South Delta
2024,6/10/2024,7,915,10:14,3,No LFS Catch,0,Central & South Delta
2024,4/29/2024,4,401,9:00,1,Longfin Smelt,9,Suisun Bay and West
2024,4/29/2024,4,401,9:15,2,Longfin Smelt,3,Suisun Bay and West
2024,4/29/2024,4,401,9:30,3,No LFS Catch,0,Suisun Bay and West
2024,4/29/2024,4,344,12:37,1,No LFS Catch,0,Napa River
2024,4/29/2024,4,344,12:52,2,No LFS Catch,0,Napa River
2024,4/29/2024,4,344,13:05,3,Longfin Smelt,1,Napa River
2024,5/2/2024,4,338,8:38,1,No LFS Catch,0,San Pablo Bay
2024,5/2/2024,4,338,8:55,2,No LFS Catch,0,San Pablo Bay
2024,5/2/2024,4,338,9:09,3,No LFS Catch,0,San Pablo Bay
2024,4/30/2024,4,404,7:25,1,Longfin Smelt,2,Suisun Bay and West
2024,4/30/2024,4,404,7:39,2,No LFS Catch,0,Suisun Bay and West
2024,4/30/2024,4,404,7:53,3,No LFS Catch,0,Suisun Bay and West
2024,4/30/2024,4,405,8:12,1,Longfin Smelt,1,Suisun Bay and West
2024,4/30/2024,4,405,8:26,2,Longfin Smelt,4,Suisun Bay and West
2024,4/30/2024,4,405,8:39,3,Longfin Smelt,1,Suisun Bay and West
2024,5/1/2024,4,306,12:33,1,No LFS Catch,0,San Pablo Bay
2024,5/1/2024,4,306,12:47,2,No LFS Catch,0,San Pablo Bay
2024,5/1/2024,4,306,13:01,3,No LFS Catch,0,San Pablo Bay
2024,5/1/2024,4,315,10:56,1,No LFS Catch,0,San Pablo Bay
2024,5/1/2024,4,315,11:09,2,No LFS Catch,0,San Pablo Bay
2024,5/1/2024,4,315,11:23,3,No LFS Catch,0,San Pablo Bay
2024,5/2/2024,4,322,11:46,1,No LFS Catch,0,San Pablo Bay
2024,5/2/2024,4,322,12:00,2,No LFS Catch,0,San Pablo Bay
2024,5/2/2024,4,322,12:14,3,No LFS Catch,0,San Pablo Bay
2024,5/1/2024,4,329,7:37,1,No LFS Catch,0,San Pablo Bay
2024,5/1/2024,4,329,7:52,2,No LFS Catch,0,San Pablo Bay
2024,5/1/2024,4,329,8:04,3,No LFS Catch,0,San Pablo Bay
2024,5/2/2024,4,330,10:29,1,No LFS Catch,0,San Pablo Bay
2024,5/2/2024,4,330,10:43,2,No LFS Catch,0,San Pablo Bay
2024,5/2/2024,4,330,11:24,3,No LFS Catch,0,San Pablo Bay
2024,6/10/2024,7,914,12:04,1,No LFS Catch,0,Central & South Delta
2024,6/10/2024,7,914,12:18,2,No LFS Catch,0,Central & South Delta
2024,6/10/2024,7,914,12:31,3,No LFS Catch,0,Central & South Delta
2024,6/10/2024,7,918,10:51,1,No LFS Catch,0,Central & South Delta
2024,6/10/2024,7,918,11:05,2,No LFS Catch,0,Central & South Delta
2024,6/10/2024,7,918,11:21,3,No LFS Catch,0,Central & South Delta
2024,6/10/2024,7,902,8:56,1,No LFS Catch,0,Central & South Delta
2024,6/10/2024,7,902,9:09,2,No LFS Catch,0,Central & South Delta
2024,6/10/2024,7,902,9:22,3,No LFS Catch,0,Central & South Delta
2024,5/1/2024,4,602,10:47,1,Longfin Smelt,11,Suisun Bay and West
2024,5/1/2024,4,602,11:00,2,Longfin Smelt,8,Suisun Bay and West
2024,5/1/2024,4,602,11:12,3,Longfin Smelt,16,Suisun Bay and West
2024,5/1/2024,4,606,9:57,1,Longfin Smelt,46,Suisun Bay and West
2024,5/1/2024,4,606,10:10,2,Longfin Smelt,12,Suisun Bay and West
2024,5/1/2024,4,606,10:23,3,Longfin Smelt,6,Suisun Bay and West
2024,5/1/2024,4,609,8:54,1,No LFS Catch,0,Suisun Bay and West
2024,5/1/2024,4,609,9:07,2,Longfin Smelt,1,Suisun Bay and West
2024,5/1/2024,4,609,9:21,3,Longfin Smelt,1,Suisun Bay and West
2024,5/2/2024,4,519,11:35,1,Longfin Smelt,10,Suisun Bay and West
2024,5/2/2024,4,519,11:47,2,Longfin Smelt,3,Suisun Bay and West
2024,5/2/2024,4,519,12:00,3,Longfin Smelt,1,Suisun Bay and West
2024,5/2/2024,4,504,9:57,1,Longfin Smelt,89,Suisun Bay and West
2024,5/2/2024,4,504,10:10,2,Longfin Smelt,71,Suisun Bay and West
2024,5/2/2024,4,504,10:23,3,Longfin Smelt,61,Suisun Bay and West
2024,5/2/2024,4,501,10:46,1,Longfin Smelt,36,Suisun Bay and West
2024,5/2/2024,4,501,10:59,2,Longfin Smelt,67,Suisun Bay and West
2024,5/2/2024,4,501,11:13,3,Longfin Smelt,60,Suisun Bay and West
2024,5/1/2024,4,311,13:26,1,No LFS Catch,0,San Pablo Bay
2024,5/1/2024,4,311,13:41,2,No LFS Catch,0,San Pablo Bay
2024,5/1/2024,4,311,13:56,3,No LFS Catch,0,San Pablo Bay
2024,5/28/2024,6,706,10:32,1,No LFS Catch,0,Sacramento River System
2024,5/28/2024,6,706,10:46,2,No LFS Catch,0,Sacramento River System
2024,5/28/2024,6,706,10:59,3,No LFS Catch,0,Sacramento River System
2024,5/28/2024,6,707,12:00,1,No LFS Catch,0,Sacramento River System
2024,5/28/2024,6,707,12:13,2,No LFS Catch,0,Sacramento River System
2024,5/28/2024,6,707,12:25,3,No LFS Catch,0,Sacramento River System
2024,5/28/2024,6,711,12:49,1,No LFS Catch,0,Sacramento River System
2024,5/28/2024,6,711,13:02,2,No LFS Catch,0,Sacramento River System
2024,5/28/2024,6,711,13:11,3,No LFS Catch,0,Sacramento River System
2024,5/29/2024,6,716,7:33,1,No LFS Catch,0,Sacramento River System
2024,5/29/2024,6,716,7:46,2,No LFS Catch,0,Sacramento River System
2024,5/29/2024,6,716,7:59,3,No LFS Catch,0,Sacramento River System
2024,5/29/2024,6,718,8:22,1,No LFS Catch,0,Sacramento River System
2024,5/29/2024,6,718,8:35,2,No LFS Catch,0,Sacramento River System
2024,5/29/2024,6,718,8:49,3,No LFS Catch,0,Sacramento River System
2024,6/11/2024,7,906,7:05,1,No LFS Catch,0,Central & South Delta
2024,6/11/2024,7,906,7:18,2,No LFS Catch,0,Central & South Delta
2024,6/11/2024,7,906,7:31,3,No LFS Catch,0,Central & South Delta
2024,6/11/2024,7,919,6:03,1,No LFS Catch,0,Central & South Delta
2024,6/11/2024,7,919,6:19,2,No LFS Catch,0,Central & South Delta
2024,6/11/2024,7,919,6:35,3,No LFS Catch,0,Central & South Delta
2024,6/10/2024,7,910,14:27,1,No LFS Catch,0,Central & South Delta
2024,6/10/2024,7,910,14:40,2,No LFS Catch,0,Central & South Delta
2024,6/10/2024,7,910,14:53,3,No LFS Catch,0,Central & South Delta
2024,6/10/2024,7,912,13:13,1,No LFS Catch,0,Central & South Delta
2024,6/10/2024,7,912,13:27,2,No LFS Catch,0,Central & South Delta
2024,6/10/2024,7,912,13:40,3,No LFS Catch,0,Central & South Delta
2024,6/11/2024,7,804,9:50,1,No LFS Catch,0,Confluence
2024,6/11/2024,7,804,10:04,2,No LFS Catch,0,Confluence
2024,6/11/2024,7,804,10:17,3,No LFS Catch,0,Confluence
2024,6/10/2024,7,809,7:22,1,No LFS Catch,0,Central & South Delta
2024,6/10/2024,7,809,7:35,2,No LFS Catch,0,Central & South Delta
2024,6/10/2024,7,809,7:48,3,No LFS Catch,0,Central & South Delta
2024,6/11/2024,7,812,8:44,1,No LFS Catch,0,Central & South Delta
2024,6/11/2024,7,812,8:59,2,No LFS Catch,0,Central & South Delta
2024,6/11/2024,7,812,9:13,3,No LFS Catch,0,Central & South Delta
2024,6/11/2024,7,815,7:54,1,No LFS Catch,0,Central & South Delta
2024,6/11/2024,7,815,8:08,2,No LFS Catch,0,Central & South Delta
2024,6/11/2024,7,815,8:21,3,No LFS Catch,0,Central & South Delta
2024,6/10/2024,7,901,8:11,1,No LFS Catch,0,Central & South Delta
2024,5/14/2024,5,726,12:31,1,No LFS Catch,0,Sacramento River System
2024,5/14/2024,5,726,12:45,2,No LFS Catch,0,Sacramento River System
2024,5/14/2024,5,726,12:58,3,No LFS Catch,0,Sacramento River System
2024,5/14/2024,5,724,11:44,1,No LFS Catch,0,Sacramento River System
2024,5/14/2024,5,724,11:57,2,No LFS Catch,0,Sacramento River System
2024,5/14/2024,5,724,12:11,3,No LFS Catch,0,Sacramento River System
2024,6/13/2024,7,724,12:25,1,No LFS Catch,0,Sacramento River System
2024,6/13/2024,7,724,12:37,2,No LFS Catch,0,Sacramento River System
2024,6/13/2024,7,724,12:50,3,No LFS Catch,0,Sacramento River System
2024,6/13/2024,7,723,10:26,1,No LFS Catch,0,Sacramento River System
2024,6/13/2024,7,723,10:40,2,No LFS Catch,0,Sacramento River System
2024,6/13/2024,7,723,10:55,3,No LFS Catch,0,Sacramento River System
2024,6/13/2024,7,719,11:24,1,No LFS Catch,0,Sacramento River System
2024,6/13/2024,7,719,11:37,2,No LFS Catch,0,Sacramento River System
2024,6/13/2024,7,719,11:50,3,No LFS Catch,0,Sacramento River System
2024,6/11/2024,7,703,10:39,1,No LFS Catch,0,Sacramento River System
2024,6/11/2024,7,703,10:52,2,No LFS Catch,0,Sacramento River System
2024,6/11/2024,7,703,11:05,3,No LFS Catch,0,Sacramento River System
2024,6/13/2024,7,726,13:08,1,No LFS Catch,0,Sacramento River System
2024,6/13/2024,7,726,13:21,2,No LFS Catch,0,Sacramento River System
2024,6/13/2024,7,726,13:34,3,No LFS Catch,0,Sacramento River System
2024,6/11/2024,7,801,11:56,1,No LFS Catch,0,Confluence
2024,6/11/2024,7,801,12:09,2,No LFS Catch,0,Confluence
2024,6/11/2024,7,801,12:22,3,No LFS Catch,0,Confluence
2024,6/12/2024,7,520,6:51,1,No LFS Catch,0,Confluence
2024,6/12/2024,7,520,7:06,2,No LFS Catch,0,Confluence
2024,6/12/2024,7,520,7:20,3,No LFS Catch,0,Confluence
2024,6/12/2024,7,513,8:28,1,No LFS Catch,0,Confluence
2024,6/12/2024,7,513,9:03,2,No LFS Catch,0,Confluence
2024,6/12/2024,7,513,9:17,3,No LFS Catch,0,Confluence
2024,6/12/2024,7,711,12:55,1,No LFS Catch,0,Sacramento River System
2024,6/12/2024,7,711,13:09,2,No LFS Catch,0,Sacramento River System
2024,6/12/2024,7,711,13:26,3,No LFS Catch,0,Sacramento River System
2024,6/12/2024,7,707,12:01,1,No LFS Catch,0,Sacramento River System
2024,6/12/2024,7,707,12:15,2,No LFS Catch,0,Sacramento River System
2024,6/12/2024,7,707,12:29,3,No LFS Catch,0,Sacramento River System
2024,6/12/2024,7,706,10:28,1,No LFS Catch,0,Sacramento River System
2024,6/12/2024,7,706,10:42,2,No LFS Catch,0,Sacramento River System
2024,6/12/2024,7,706,10:55,3,No LFS Catch,0,Sacramento River System
2024,6/12/2024,7,705,11:16,1,No LFS Catch,0,Sacramento River System
2024,6/12/2024,7,705,11:32,2,No LFS Catch,0,Sacramento River System
2024,6/12/2024,7,705,11:44,3,No LFS Catch,0,Sacramento River System
2024,6/12/2024,7,704,9:40,1,No LFS Catch,0,Sacramento River System
2024,6/12/2024,7,704,9:54,2,No LFS Catch,0,Sacramento River System
2024,6/12/2024,7,704,10:07,3,No LFS Catch,0,Sacramento River System
2024,5/31/2024,6,508,9:54,1,No LFS Catch,0,Confluence
2024,5/31/2024,6,508,10:07,2,No LFS Catch,0,Confluence
2024,5/31/2024,6,508,10:20,3,No LFS Catch,0,Confluence
2024,5/31/2024,6,801,8:04,1,No LFS Catch,0,Confluence
2024,5/31/2024,6,801,8:16,2,No LFS Catch,0,Confluence
2024,5/31/2024,6,801,8:30,3,No LFS Catch,0,Confluence
2024,5/29/2024,6,726,12:46,1,No LFS Catch,0,Sacramento River System
2024,5/29/2024,6,726,13:00,2,No LFS Catch,0,Sacramento River System
2024,5/29/2024,6,726,13:12,3,No LFS Catch,0,Sacramento River System
2024,5/28/2024,6,703,9:13,1,No LFS Catch,0,Sacramento River System
2024,5/28/2024,6,703,9:21,2,No LFS Catch,0,Sacramento River System
2024,5/28/2024,6,703,9:29,3,No LFS Catch,0,Sacramento River System
2024,5/28/2024,6,704,9:44,1,No LFS Catch,0,Sacramento River System
2024,5/28/2024,6,704,9:58,2,No LFS Catch,0,Sacramento River System
2024,5/28/2024,6,704,10:11,3,No LFS Catch,0,Sacramento River System
2024,5/28/2024,6,705,11:17,1,No LFS Catch,0,Sacramento River System
2024,5/28/2024,6,705,11:29,2,No LFS Catch,0,Sacramento River System
2024,5/28/2024,6,705,11:42,3,No LFS Catch,0,Sacramento River System
2024,5/31/2024,6,520,13:14,1,No LFS Catch,0,Confluence
2024,5/31/2024,6,520,13:27,2,No LFS Catch,0,Confluence
2024,5/31/2024,6,520,13:40,3,No LFS Catch,0,Confluence
2024,5/31/2024,6,513,8:48,1,No LFS Catch,0,Confluence
2024,5/31/2024,6,513,9:01,2,No LFS Catch,0,Confluence
2024,5/31/2024,6,513,9:14,3,No LFS Catch,0,Confluence
2024,5/28/2024,6,342,10:52,1,Longfin Smelt,1,Napa River
2024,5/28/2024,6,342,11:06,2,No LFS Catch,0,Napa River
2024,5/28/2024,6,342,11:20,3,Longfin Smelt,1,Napa River
2024,5/30/2024,6,411,12:42,1,Longfin Smelt,4,Suisun Bay and West
2024,5/30/2024,6,411,12:54,2,No LFS Catch,0,Suisun Bay and West
2024,5/30/2024,6,411,13:07,3,No LFS Catch,0,Suisun Bay and West
2024,5/30/2024,6,606,10:10,1,Longfin Smelt,1,Suisun Bay and West
2024,5/30/2024,6,606,10:25,2,No LFS Catch,0,Suisun Bay and West
2024,5/30/2024,6,606,10:37,3,No LFS Catch,0,Suisun Bay and West
2024,6/13/2024,7,718,8:39,1,No LFS Catch,0,Sacramento River System
2024,6/13/2024,7,718,8:53,2,No LFS Catch,0,Sacramento River System
2024,6/13/2024,7,718,9:06,3,No LFS Catch,0,Sacramento River System
2024,6/13/2024,7,716,7:50,1,No LFS Catch,0,Sacramento River System
2024,6/13/2024,7,716,8:04,2,No LFS Catch,0,Sacramento River System
2024,6/13/2024,7,716,8:16,3,No LFS Catch,0,Sacramento River System
2024,6/13/2024,7,411,9:10,1,No LFS Catch,0,Suisun Bay and West
2024,6/13/2024,7,411,9:22,2,No LFS Catch,0,Suisun Bay and West
2024,6/13/2024,7,411,9:35,3,No LFS Catch,0,Suisun Bay and West
2024,6/13/2024,7,519,10:49,1,No LFS Catch,0,Suisun Bay and West
2024,6/13/2024,7,519,11:02,2,No LFS Catch,0,Suisun Bay and West
2024,6/13/2024,7,519,11:15,3,No LFS Catch,0,Suisun Bay and West
2024,5/14/2024,5,723,9:31,1,No LFS Catch,0,Sacramento River System
2024,5/14/2024,5,723,9:45,2,No LFS Catch,0,Sacramento River System
2024,5/14/2024,5,723,10:00,3,No LFS Catch,0,Sacramento River System
2024,5/14/2024,5,719,10:27,1,No LFS Catch,0,Sacramento River System
2024,5/14/2024,5,719,10:55,2,No LFS Catch,0,Sacramento River System
2024,5/14/2024,5,719,11:08,3,No LFS Catch,0,Sacramento River System
2024,5/14/2024,5,718,7:27,1,No LFS Catch,0,Sacramento River System
2024,5/14/2024,5,718,7:40,2,No LFS Catch,0,Sacramento River System
2024,5/14/2024,5,718,7:54,3,No LFS Catch,0,Sacramento River System
2024,5/14/2024,5,716,6:34,1,No LFS Catch,0,Sacramento River System
2024,5/14/2024,5,716,6:48,2,No LFS Catch,0,Sacramento River System
2024,5/14/2024,5,716,7:01,3,No LFS Catch,0,Sacramento River System
2024,5/13/2024,5,707,11:34,1,No LFS Catch,0,Sacramento River System
2024,5/13/2024,5,707,11:48,2,No LFS Catch,0,Sacramento River System
2024,5/13/2024,5,707,12:01,3,No LFS Catch,0,Sacramento River System
2024,5/13/2024,5,706,9:49,1,No LFS Catch,0,Sacramento River System
2024,5/13/2024,5,706,10:05,2,No LFS Catch,0,Sacramento River System
2024,5/13/2024,5,706,10:20,3,No LFS Catch,0,Sacramento River System
2024,5/17/2024,5,519,10:56,1,Longfin Smelt,1,Suisun Bay and West
2024,5/17/2024,5,519,11:09,2,Longfin Smelt,2,Suisun Bay and West
2024,5/17/2024,5,519,11:23,3,Longfin Smelt,1,Suisun Bay and West
2024,4/29/2024,4,706,11:07,1,No LFS Catch,0,Sacramento River System
2024,4/29/2024,4,706,11:33,2,Longfin Smelt,1,Sacramento River System
2024,4/29/2024,4,706,11:48,3,No LFS Catch,0,Sacramento River System
2024,4/29/2024,4,705,12:08,1,No LFS Catch,0,Sacramento River System
2024,4/29/2024,4,705,12:20,2,No LFS Catch,0,Sacramento River System
2024,4/29/2024,4,705,12:35,3,No LFS Catch,0,Sacramento River System
2024,4/29/2024,4,704,10:16,1,No LFS Catch,0,Sacramento River System
2024,4/29/2024,4,704,10:31,2,No LFS Catch,0,Sacramento River System
2024,4/29/2024,4,704,10:45,3,No LFS Catch,0,Sacramento River System
2024,6/10/2024,7,401,14:13,1,Longfin Smelt,3,Suisun Bay and West
2024,6/10/2024,7,401,14:28,2,No LFS Catch,0,Suisun Bay and West
2024,6/10/2024,7,401,14:42,3,Longfin Smelt,6,Suisun Bay and West
2024,5/28/2024,6,345,13:43,1,No LFS Catch,0,Napa River
2024,5/28/2024,6,345,13:56,2,No LFS Catch,0,Napa River
2024,5/28/2024,6,345,14:10,3,No LFS Catch,0,Napa River
2024,5/16/2024,5,520,9:19,1,No LFS Catch,0,Confluence
2024,5/16/2024,5,520,9:28,2,Longfin Smelt,1,Confluence
2024,5/16/2024,5,520,9:42,3,No LFS Catch,0,Confluence
2024,5/15/2024,5,609,8:05,1,No LFS Catch,0,Suisun Bay and West
2024,5/15/2024,5,609,8:19,2,No LFS Catch,0,Suisun Bay and West
2024,5/15/2024,5,609,8:32,3,No LFS Catch,0,Suisun Bay and West
2024,5/15/2024,5,346,13:56,1,No LFS Catch,0,Napa River
2024,5/15/2024,5,346,14:10,2,No LFS Catch,0,Napa River
2024,5/15/2024,5,346,14:24,3,No LFS Catch,0,Napa River
2024,5/28/2024,6,344,12:43,1,No LFS Catch,0,Napa River
2024,5/28/2024,6,344,12:56,2,No LFS Catch,0,Napa River
2024,5/28/2024,6,344,13:09,3,No LFS Catch,0,Napa River
2024,5/15/2024,5,329,8:49,1,No LFS Catch,0,San Pablo Bay
2024,5/15/2024,5,329,9:04,2,No LFS Catch,0,San Pablo Bay
2024,5/15/2024,5,329,9:18,3,No LFS Catch,0,San Pablo Bay
2024,6/25/2024,8,919,8:23,1,No LFS Catch,0,Central & South Delta
2024,6/25/2024,8,919,8:39,2,No LFS Catch,0,Central & South Delta
2024,6/25/2024,8,919,8:55,3,No LFS Catch,0,Central & South Delta
2024,6/24/2024,8,914,14:20,1,No LFS Catch,0,Central & South Delta
2024,6/24/2024,8,914,14:39,2,No LFS Catch,0,Central & South Delta
2024,6/24/2024,8,914,14:59,3,No LFS Catch,0,Central & South Delta
2024,6/24/2024,8,912,16:05,1,No LFS Catch,0,Central & South Delta
2024,6/24/2024,8,912,16:20,2,No LFS Catch,0,Central & South Delta
2024,6/24/2024,8,912,16:33,3,No LFS Catch,0,Central & South Delta
2024,6/24/2024,8,918,11:44,1,No LFS Catch,0,Central & South Delta
2024,6/24/2024,8,918,12:00,2,No LFS Catch,0,Central & South Delta
2024,6/24/2024,8,918,12:15,3,No LFS Catch,0,Central & South Delta
2024,6/24/2024,8,915,13:07,1,No LFS Catch,0,Central & South Delta
2024,6/24/2024,8,915,13:21,2,No LFS Catch,0,Central & South Delta
2024,6/24/2024,8,915,13:36,3,No LFS Catch,0,Central & South Delta
2024,6/24/2024,8,910,17:04,1,No LFS Catch,0,Central & South Delta
2024,6/24/2024,8,910,17:21,2,No LFS Catch,0,Central & South Delta
2024,6/24/2024,8,910,17:35,3,No LFS Catch,0,Central & South Delta
2024,6/24/2024,8,901,10:12,1,No LFS Catch,0,Central & South Delta
2024,6/25/2024,8,815,9:37,1,No LFS Catch,0,Central & South Delta
2024,6/25/2024,8,815,9:51,2,No LFS Catch,0,Central & South Delta
2024,6/25/2024,8,815,10:08,3,No LFS Catch,0,Central & South Delta
2024,6/25/2024,8,812,13:00,1,No LFS Catch,0,Central & South Delta
2024,6/25/2024,8,812,13:14,2,No LFS Catch,0,Central & South Delta
2024,6/25/2024,8,812,13:27,3,No LFS Catch,0,Central & South Delta
2024,6/25/2024,8,809,13:58,1,No LFS Catch,0,Central & South Delta
2024,6/25/2024,8,809,14:11,2,No LFS Catch,0,Central & South Delta
2024,6/25/2024,8,809,14:23,3,No LFS Catch,0,Central & South Delta
2024,6/26/2024,8,804,12:36,1,No LFS Catch,0,Confluence
2024,6/26/2024,8,804,12:50,2,No LFS Catch,0,Confluence
2024,6/26/2024,8,804,13:02,3,No LFS Catch,0,Confluence
2024,6/24/2024,8,711,13:15,1,No LFS Catch,0,Sacramento River System
2024,6/24/2024,8,711,13:29,2,No LFS Catch,0,Sacramento River System
2024,6/24/2024,8,711,13:49,3,No LFS Catch,0,Sacramento River System
2024,6/24/2024,8,705,11:42,1,No LFS Catch,0,Sacramento River System
2024,6/24/2024,8,705,11:56,2,No LFS Catch,0,Sacramento River System
2024,6/24/2024,8,705,12:10,3,No LFS Catch,0,Sacramento River System
2024,6/12/2024,7,345,11:53,1,No LFS Catch,0,Napa River
2024,6/12/2024,7,345,12:08,2,No LFS Catch,0,Napa River
2024,6/12/2024,7,345,12:22,3,No LFS Catch,0,Napa River
2024,6/13/2024,7,501,9:59,1,No LFS Catch,0,Suisun Bay and West
2024,6/13/2024,7,501,10:13,2,Longfin Smelt,1,Suisun Bay and West
2024,6/13/2024,7,501,10:26,3,No LFS Catch,0,Suisun Bay and West
2024,5/16/2024,5,513,8:12,1,No LFS Catch,0,Confluence
2024,5/16/2024,5,513,8:30,2,Longfin Smelt,1,Confluence
2024,5/16/2024,5,513,8:48,3,No LFS Catch,0,Confluence
2024,4/29/2024,4,342,10:49,1,Longfin Smelt,38,Napa River
2024,4/29/2024,4,342,11:03,2,Longfin Smelt,75,Napa River
2024,4/29/2024,4,342,11:18,3,Longfin Smelt,47,Napa River
2024,4/30/2024,4,336,10:02,1,Longfin Smelt,2,San Pablo Bay
2024,4/30/2024,4,336,10:16,2,Longfin Smelt,5,San Pablo Bay
2024,4/30/2024,4,336,10:29,3,Longfin Smelt,2,San Pablo Bay
2024,5/1/2024,4,328,9:17,1,No LFS Catch,0,San Pablo Bay
2024,5/1/2024,4,328,9:31,2,No LFS Catch,0,San Pablo Bay
2024,5/1/2024,4,328,9:45,3,No LFS Catch,0,San Pablo Bay
2024,5/13/2024,5,330,14:49,1,Longfin Smelt,1,San Pablo Bay
2024,5/13/2024,5,330,15:04,2,No LFS Catch,0,San Pablo Bay
2024,5/13/2024,5,330,15:19,3,No LFS Catch,0,San Pablo Bay
2024,5/14/2024,5,401,10:47,1,Longfin Smelt,1,Suisun Bay and West
2024,5/14/2024,5,401,11:03,2,No LFS Catch,0,Suisun Bay and West
2024,5/14/2024,5,401,11:17,3,No LFS Catch,0,Suisun Bay and West
2024,5/14/2024,5,404,9:51,1,Longfin Smelt,1,Suisun Bay and West
2024,5/14/2024,5,404,10:05,2,Longfin Smelt,1,Suisun Bay and West
2024,5/14/2024,5,404,10:19,3,No LFS Catch,0,Suisun Bay and West
2024,5/14/2024,5,720,8:34,1,No LFS Catch,0,Sacramento River System
2024,5/14/2024,5,720,8:49,2,No LFS Catch,0,Sacramento River System
2024,5/14/2024,5,720,8:58,3,No LFS Catch,0,Sacramento River System
2024,5/15/2024,5,335,8:04,1,No LFS Catch,0,San Pablo Bay
2024,5/15/2024,5,335,8:17,2,No LFS Catch,0,San Pablo Bay
2024,5/15/2024,5,335,8:31,3,No LFS Catch,0,San Pablo Bay
2024,5/15/2024,5,418,11:02,1,No LFS Catch,0,Suisun Bay and West
2024,5/15/2024,5,418,11:16,2,Longfin Smelt,1,Suisun Bay and West
2024,5/15/2024,5,418,11:31,3,Longfin Smelt,2,Suisun Bay and West
2024,5/17/2024,5,508,8:15,1,Longfin Smelt,1,Confluence
2024,5/17/2024,5,508,8:30,2,Longfin Smelt,1,Confluence
2024,5/17/2024,5,508,8:44,3,Longfin Smelt,2,Confluence
2024,6/25/2024,8,724,12:48,1,No LFS Catch,0,Sacramento River System
2024,6/25/2024,8,724,13:01,2,No LFS Catch,0,Sacramento River System
2024,6/25/2024,8,724,13:16,3,No LFS Catch,0,Sacramento River System
2024,6/25/2024,8,716,7:53,1,No LFS Catch,0,Sacramento River System
2024,6/25/2024,8,716,8:06,2,No LFS Catch,0,Sacramento River System
2024,6/25/2024,8,716,8:20,3,No LFS Catch,0,Sacramento River System
2024,6/25/2024,8,726,13:38,1,No LFS Catch,0,Sacramento River System
2024,6/25/2024,8,726,13:51,2,No LFS Catch,0,Sacramento River System
2024,6/25/2024,8,726,14:05,3,No LFS Catch,0,Sacramento River System
2024,6/24/2024,8,707,12:27,1,No LFS Catch,0,Sacramento River System
2024,6/24/2024,8,707,12:44,2,No LFS Catch,0,Sacramento River System
2024,6/24/2024,8,707,12:53,3,No LFS Catch,0,Sacramento River System
2024,6/25/2024,8,720,9:48,1,No LFS Catch,0,Sacramento River System
2024,6/25/2024,8,720,10:02,2,No LFS Catch,0,Sacramento River System
2024,6/25/2024,8,720,10:22,3,No LFS Catch,0,Sacramento River System
2024,6/25/2024,8,723,10:49,1,No LFS Catch,0,Sacramento River System
2024,6/25/2024,8,723,11:02,2,No LFS Catch,0,Sacramento River System
2024,6/25/2024,8,723,11:16,3,No LFS Catch,0,Sacramento River System
2024,6/25/2024,8,902,11:47,1,No LFS Catch,0,Central & South Delta
2024,6/25/2024,8,902,11:59,2,No LFS Catch,0,Central & South Delta
2024,6/25/2024,8,902,12:13,3,No LFS Catch,0,Central & South Delta
2024,6/25/2024,8,906,10:36,1,No LFS Catch,0,Central & South Delta
2024,6/25/2024,8,906,10:50,2,No LFS Catch,0,Central & South Delta
2024,6/25/2024,8,906,11:03,3,No LFS Catch,0,Central & South Delta
2024,6/12/2024,7,343,10:07,1,No LFS Catch,0,Napa River
2024,6/12/2024,7,343,10:20,2,No LFS Catch,0,Napa River
2024,6/12/2024,7,343,10:33,3,No LFS Catch,0,Napa River
2024,7/9/2024,9,919,6:19,1,No LFS Catch,0,Central & South Delta
2024,7/9/2024,9,919,6:37,2,No LFS Catch,0,Central & South Delta
2024,7/9/2024,9,919,6:57,3,No LFS Catch,0,Central & South Delta
2024,4/29/2024,4,343,11:41,1,Longfin Smelt,46,Napa River
2024,4/29/2024,4,343,11:54,2,Longfin Smelt,81,Napa River
2024,4/29/2024,4,343,12:07,3,Longfin Smelt,55,Napa River
2024,4/29/2024,4,345,13:36,1,Longfin Smelt,36,Napa River
2024,4/29/2024,4,345,13:50,2,Longfin Smelt,36,Napa River
2024,4/29/2024,4,345,14:03,3,Longfin Smelt,76,Napa River
2024,5/1/2024,4,418,11:36,1,Longfin Smelt,12,Suisun Bay and West
2024,5/1/2024,4,418,11:49,2,Longfin Smelt,73,Suisun Bay and West
2024,5/1/2024,4,418,12:02,3,Longfin Smelt,58,Suisun Bay and West
2024,7/8/2024,9,914,12:30,1,No LFS Catch,0,Central & South Delta
2024,7/8/2024,9,914,12:49,2,No LFS Catch,0,Central & South Delta
2024,7/8/2024,9,914,13:04,3,No LFS Catch,0,Central & South Delta
2024,7/8/2024,9,801,7:24,1,No LFS Catch,0,Confluence
2024,7/8/2024,9,801,7:36,2,No LFS Catch,0,Confluence
2024,7/8/2024,9,801,7:49,3,No LFS Catch,0,Confluence
2024,7/9/2024,9,726,12:10,1,No LFS Catch,0,Sacramento River System
2024,7/9/2024,9,726,12:23,2,No LFS Catch,0,Sacramento River System
2024,7/9/2024,9,726,12:35,3,No LFS Catch,0,Sacramento River System
2024,7/9/2024,9,723,9:27,1,No LFS Catch,0,Sacramento River System
2024,7/9/2024,9,723,9:40,2,No LFS Catch,0,Sacramento River System
2024,7/9/2024,9,723,9:53,3,No LFS Catch,0,Sacramento River System
2024,7/9/2024,9,809,11:22,1,No LFS Catch,0,Central & South Delta
2024,7/9/2024,9,809,11:37,2,No LFS Catch,0,Central & South Delta
2024,7/9/2024,9,809,11:51,3,No LFS Catch,0,Central & South Delta
2024,7/8/2024,9,906,15:51,1,No LFS Catch,0,Central & South Delta
2024,7/8/2024,9,906,16:04,2,No LFS Catch,0,Central & South Delta
2024,7/8/2024,9,906,16:18,3,No LFS Catch,0,Central & South Delta
2024,7/8/2024,9,910,14:56,1,No LFS Catch,0,Central & South Delta
2024,7/8/2024,9,910,15:10,2,No LFS Catch,0,Central & South Delta
2024,7/8/2024,9,910,15:25,3,No LFS Catch,0,Central & South Delta
2024,7/8/2024,9,912,13:54,1,No LFS Catch,0,Central & South Delta
2024,7/8/2024,9,912,14:09,2,No LFS Catch,0,Central & South Delta
2024,7/8/2024,9,912,14:22,3,No LFS Catch,0,Central & South Delta
2024,6/24/2024,8,703,9:24,1,No LFS Catch,0,Sacramento River System
2024,6/24/2024,8,703,9:37,2,No LFS Catch,0,Sacramento River System
2024,6/24/2024,8,703,9:50,3,No LFS Catch,0,Sacramento River System
2024,6/25/2024,8,718,8:56,1,No LFS Catch,0,Sacramento River System
2024,6/25/2024,8,718,9:09,2,No LFS Catch,0,Sacramento River System
2024,6/25/2024,8,718,9:23,3,No LFS Catch,0,Sacramento River System
2024,6/24/2024,8,704,10:09,1,No LFS Catch,0,Sacramento River System
2024,6/24/2024,8,704,10:23,2,No LFS Catch,0,Sacramento River System
2024,6/24/2024,8,704,10:36,3,No LFS Catch,0,Sacramento River System
2024,7/9/2024,9,716,6:50,1,No LFS Catch,0,Sacramento River System
2024,7/9/2024,9,716,7:03,2,No LFS Catch,0,Sacramento River System
2024,7/9/2024,9,716,7:16,3,No LFS Catch,0,Sacramento River System
2024,7/9/2024,9,718,7:39,1,No LFS Catch,0,Sacramento River System
2024,7/9/2024,9,718,7:51,2,No LFS Catch,0,Sacramento River System
2024,7/9/2024,9,718,8:04,3,No LFS Catch,0,Sacramento River System
2024,7/8/2024,9,706,9:49,1,No LFS Catch,0,Sacramento River System
2024,7/8/2024,9,706,10:01,2,No LFS Catch,0,Sacramento River System
2024,7/8/2024,9,706,10:15,3,No LFS Catch,0,Sacramento River System
2024,7/8/2024,9,707,11:31,1,No LFS Catch,0,Sacramento River System
2024,7/8/2024,9,707,11:44,2,No LFS Catch,0,Sacramento River System
2024,7/8/2024,9,707,11:52,3,No LFS Catch,0,Sacramento River System
2024,7/8/2024,9,705,10:37,1,No LFS Catch,0,Sacramento River System
2024,7/8/2024,9,705,10:50,2,No LFS Catch,0,Sacramento River System
2024,7/8/2024,9,705,11:02,3,No LFS Catch,0,Sacramento River System
2024,7/8/2024,9,703,8:15,1,No LFS Catch,0,Sacramento River System
2024,7/8/2024,9,703,8:28,2,No LFS Catch,0,Sacramento River System
2024,7/8/2024,9,703,8:41,3,No LFS Catch,0,Sacramento River System
2024,7/8/2024,9,704,9:01,1,No LFS Catch,0,Sacramento River System
2024,7/8/2024,9,704,9:13,2,No LFS Catch,0,Sacramento River System
2024,7/8/2024,9,704,9:27,3,No LFS Catch,0,Sacramento River System
2024,6/10/2024,7,404,13:17,1,Longfin Smelt,1,Suisun Bay and West
2024,6/10/2024,7,404,13:35,2,Longfin Smelt,1,Suisun Bay and West
2024,6/10/2024,7,404,13:49,3,Longfin Smelt,7,Suisun Bay and West
2024,7/8/2024,9,711,12:14,1,No LFS Catch,0,Sacramento River System
2024,7/8/2024,9,711,12:27,2,No LFS Catch,0,Sacramento River System
2024,7/8/2024,9,711,12:40,3,No LFS Catch,0,Sacramento River System
2024,7/9/2024,9,812,10:01,1,No LFS Catch,0,Central & South Delta
2024,7/9/2024,9,812,10:39,2,No LFS Catch,0,Central & South Delta
2024,7/9/2024,9,812,10:48,3,No LFS Catch,0,Central & South Delta
2024,6/12/2024,7,508,7:39,1,Longfin Smelt,1,Confluence
2024,6/12/2024,7,508,7:53,2,Longfin Smelt,7,Confluence
2024,6/12/2024,7,508,8:06,3,Longfin Smelt,1,Confluence
2024,7/8/2024,9,918,11:01,1,No LFS Catch,0,Central & South Delta
2024,7/8/2024,9,918,11:18,2,No LFS Catch,0,Central & South Delta
2024,7/8/2024,9,918,11:36,3,No LFS Catch,0,Central & South Delta
2024,5/29/2024,6,724,12:00,1,No LFS Catch,0,Sacramento River System
2024,5/29/2024,6,724,12:13,2,No LFS Catch,0,Sacramento River System
2024,5/29/2024,6,724,12:26,3,No LFS Catch,0,Sacramento River System
2024,6/24/2024,8,411,9:27,1,No LFS Catch,0,Suisun Bay and West
2024,6/24/2024,8,411,9:42,2,No LFS Catch,0,Suisun Bay and West
2024,6/24/2024,8,411,9:56,3,No LFS Catch,0,Suisun Bay and West
2024,6/24/2024,8,504,8:15,1,No LFS Catch,0,Suisun Bay and West
2024,6/24/2024,8,504,8:29,2,No LFS Catch,0,Suisun Bay and West
2024,6/24/2024,8,504,8:43,3,No LFS Catch,0,Suisun Bay and West
2024,6/25/2024,8,306,10:40,1,No LFS Catch,0,San Pablo Bay
2024,6/25/2024,8,306,10:54,2,Longfin Smelt,1,San Pablo Bay
2024,6/25/2024,8,306,11:08,3,No LFS Catch,0,San Pablo Bay
2024,6/26/2024,8,513,8:12,1,No LFS Catch,0,Confluence
2024,6/26/2024,8,513,8:25,2,No LFS Catch,0,Confluence
2024,6/26/2024,8,513,8:39,3,No LFS Catch,0,Confluence
2024,6/26/2024,8,520,11:48,1,No LFS Catch,0,Confluence
2024,6/26/2024,8,520,12:01,2,No LFS Catch,0,Confluence
2024,6/26/2024,8,520,12:13,3,No LFS Catch,0,Confluence
2024,6/27/2024,8,609,11:53,1,No LFS Catch,0,Suisun Bay and West
2024,6/27/2024,8,609,12:06,2,No LFS Catch,0,Suisun Bay and West
2024,6/27/2024,8,609,12:19,3,No LFS Catch,0,Suisun Bay and West
2024,6/27/2024,8,610,12:48,1,No LFS Catch,0,Suisun Bay and West
2024,6/27/2024,8,610,13:01,2,No LFS Catch,0,Suisun Bay and West
2024,6/27/2024,8,610,13:14,3,No LFS Catch,0,Suisun Bay and West
2024,7/9/2024,9,724,11:24,1,No LFS Catch,0,Sacramento River System
2024,7/9/2024,9,724,11:37,2,No LFS Catch,0,Sacramento River System
2024,7/9/2024,9,724,11:50,3,No LFS Catch,0,Sacramento River System
2024,7/9/2024,9,902,7:47,1,No LFS Catch,0,Central & South Delta
2024,7/9/2024,9,902,8:12,2,No LFS Catch,0,Central & South Delta
2024,7/9/2024,9,902,8:26,3,No LFS Catch,0,Central & South Delta
2024,7/8/2024,9,915,9:00,1,No LFS Catch,0,Central & South Delta
2024,7/8/2024,9,915,9:14,2,No LFS Catch,0,Central & South Delta
2024,7/8/2024,9,915,9:29,3,No LFS Catch,0,Central & South Delta
2024,7/10/2024,9,804,10:28,1,No LFS Catch,0,Confluence
2024,7/10/2024,9,804,10:41,2,No LFS Catch,0,Confluence
2024,7/10/2024,9,804,10:53,3,No LFS Catch,0,Confluence
2024,5/30/2024,6,323,10:16,1,No LFS Catch,0,San Pablo Bay
2024,5/30/2024,6,323,10:30,2,No LFS Catch,0,San Pablo Bay
2024,5/30/2024,6,323,10:44,3,No LFS Catch,0,San Pablo Bay
2024,6/12/2024,7,340,8:24,1,No LFS Catch,0,Napa River
2024,6/12/2024,7,340,8:37,2,No LFS Catch,0,Napa River
2024,6/12/2024,7,340,8:50,3,No LFS Catch,0,Napa River
2024,6/24/2024,8,508,7:13,1,Longfin Smelt,1,Confluence
2024,6/24/2024,8,508,7:27,2,No LFS Catch,0,Confluence
2024,6/24/2024,8,508,7:41,3,No LFS Catch,0,Confluence
2024,5/29/2024,6,723,9:59,1,No LFS Catch,0,Sacramento River System
2024,5/29/2024,6,723,10:13,2,No LFS Catch,0,Sacramento River System
2024,5/29/2024,6,723,10:25,3,No LFS Catch,0,Sacramento River System
2024,5/30/2024,6,322,8:35,1,No LFS Catch,0,San Pablo Bay
2024,5/30/2024,6,322,8:51,2,No LFS Catch,0,San Pablo Bay
2024,5/30/2024,6,322,9:06,3,No LFS Catch,0,San Pablo Bay
2024,7/9/2024,9,720,8:31,1,No LFS Catch,0,Sacramento River System
2024,7/9/2024,9,720,8:44,2,No LFS Catch,0,Sacramento River System
2024,7/9/2024,9,720,8:57,3,No LFS Catch,0,Sacramento River System
2024,6/11/2024,7,311,14:14,1,Longfin Smelt,2,San Pablo Bay
2024,6/11/2024,7,311,14:28,2,No LFS Catch,0,San Pablo Bay
2024,6/11/2024,7,311,14:41,3,No LFS Catch,0,San Pablo Bay
2024,5/30/2024,6,330,9:24,1,Longfin Smelt,1,San Pablo Bay
2024,5/30/2024,6,330,9:39,2,No LFS Catch,0,San Pablo Bay
2024,5/30/2024,6,330,9:52,3,No LFS Catch,0,San Pablo Bay
2024,6/12/2024,7,344,11:05,1,No LFS Catch,0,Napa River
2024,6/12/2024,7,344,11:19,2,No LFS Catch,0,Napa River
2024,6/12/2024,7,344,11:32,3,No LFS Catch,0,Napa River
2024,6/13/2024,7,720,9:28,1,No LFS Catch,0,Sacramento River System
2024,6/13/2024,7,720,9:40,2,No LFS Catch,0,Sacramento River System
2024,6/13/2024,7,720,9:55,3,No LFS Catch,0,Sacramento River System
2024,5/13/2024,5,711,12:29,1,No LFS Catch,0,Sacramento River System
2024,5/13/2024,5,711,12:41,2,No LFS Catch,0,Sacramento River System
2024,5/13/2024,5,711,12:55,3,No LFS Catch,0,Sacramento River System
2024,5/13/2024,5,327,9:44,1,Longfin Smelt,1,San Pablo Bay
2024,5/13/2024,5,327,9:59,2,Longfin Smelt,1,San Pablo Bay
2024,5/13/2024,5,327,10:12,3,No LFS Catch,0,San Pablo Bay
2024,5/13/2024,5,322,13:57,1,Longfin Smelt,3,San Pablo Bay
2024,5/13/2024,5,322,14:10,2,Longfin Smelt,5,San Pablo Bay
2024,5/13/2024,5,322,14:28,3,No LFS Catch,0,San Pablo Bay
2024,5/13/2024,5,311,13:06,1,Longfin Smelt,2,San Pablo Bay
2024,5/13/2024,5,311,13:20,2,Longfin Smelt,8,San Pablo Bay
2024,5/13/2024,5,311,13:35,3,Longfin Smelt,7,San Pablo Bay
2024,5/13/2024,5,306,12:14,1,Longfin Smelt,7,San Pablo Bay
2024,5/13/2024,5,306,12:29,2,Longfin Smelt,1,San Pablo Bay
2024,5/13/2024,5,306,12:43,3,No LFS Catch,0,San Pablo Bay
2024,5/14/2024,5,338,14:06,1,Longfin Smelt,10,San Pablo Bay
2024,5/14/2024,5,338,14:21,2,Longfin Smelt,15,San Pablo Bay
2024,5/14/2024,5,338,14:34,3,Longfin Smelt,21,San Pablo Bay
2024,5/15/2024,5,344,15:34,1,No LFS Catch,0,Napa River
2024,5/15/2024,5,344,15:47,2,No LFS Catch,0,Napa River
2024,5/15/2024,5,344,16:00,3,No LFS Catch,0,Napa River
2024,5/15/2024,5,343,12:23,1,Longfin Smelt,1,Napa River
2024,5/15/2024,5,343,12:37,2,Longfin Smelt,1,Napa River
2024,5/15/2024,5,343,12:50,3,No LFS Catch,0,Napa River
2024,5/15/2024,5,345,14:46,1,No LFS Catch,0,Napa River
2024,5/15/2024,5,345,15:00,2,Longfin Smelt,1,Napa River
2024,5/15/2024,5,345,15:13,3,Longfin Smelt,1,Napa River
2024,5/15/2024,5,411,11:58,1,Longfin Smelt,23,Suisun Bay and West
2024,5/15/2024,5,411,12:13,2,Longfin Smelt,6,Suisun Bay and West
2024,5/15/2024,5,411,12:26,3,Longfin Smelt,23,Suisun Bay and West
2024,5/15/2024,5,606,9:01,1,Longfin Smelt,31,Suisun Bay and West
2024,5/15/2024,5,606,9:14,2,Longfin Smelt,72,Suisun Bay and West
2024,5/15/2024,5,606,9:28,3,Longfin Smelt,50,Suisun Bay and West
2024,5/15/2024,5,340,10:33,1,No LFS Catch,0,Napa River
2024,5/15/2024,5,340,10:46,2,Longfin Smelt,1,Napa River
2024,5/15/2024,5,340,11:00,3,Longfin Smelt,1,Napa River
2024,5/15/2024,5,342,11:31,1,No LFS Catch,0,Napa River
2024,5/15/2024,5,342,11:45,2,Longfin Smelt,1,Napa River
2024,5/15/2024,5,342,11:59,3,Longfin Smelt,1,Napa River
2024,5/15/2024,5,336,9:38,1,No LFS Catch,0,San Pablo Bay
2024,5/15/2024,5,336,9:51,2,Longfin Smelt,2,San Pablo Bay
2024,5/15/2024,5,336,10:05,3,No LFS Catch,0,San Pablo Bay
2024,5/17/2024,5,501,10:00,1,Longfin Smelt,28,Suisun Bay and West
2024,5/17/2024,5,501,10:13,2,Longfin Smelt,26,Suisun Bay and West
2024,5/17/2024,5,501,10:27,3,Longfin Smelt,23,Suisun Bay and West
2024,5/17/2024,5,504,11:53,1,Longfin Smelt,18,Suisun Bay and West
2024,5/17/2024,5,504,12:09,2,Longfin Smelt,18,Suisun Bay and West
2024,5/17/2024,5,504,12:24,3,Longfin Smelt,10,Suisun Bay and West
2024,5/30/2024,6,335,10:51,1,No LFS Catch,0,San Pablo Bay
2024,5/30/2024,6,335,11:05,2,No LFS Catch,0,San Pablo Bay
2024,5/30/2024,6,335,11:18,3,No LFS Catch,0,San Pablo Bay
2024,5/29/2024,6,315,13:07,1,No LFS Catch,0,San Pablo Bay
2024,5/29/2024,6,315,13:24,2,Longfin Smelt,1,San Pablo Bay
2024,5/29/2024,6,315,13:41,3,No LFS Catch,0,San Pablo Bay
2024,5/28/2024,6,343,11:45,1,No LFS Catch,0,Napa River
2024,5/28/2024,6,343,11:58,2,No LFS Catch,0,Napa River
2024,5/28/2024,6,343,12:12,3,No LFS Catch,0,Napa River
2024,5/28/2024,6,401,9:03,1,No LFS Catch,0,Suisun Bay and West
2024,5/28/2024,6,401,9:18,2,No LFS Catch,0,Suisun Bay and West
2024,5/28/2024,6,401,9:31,3,No LFS Catch,0,Suisun Bay and West
2024,6/25/2024,8,329,15:27,1,No LFS Catch,0,San Pablo Bay
2024,6/25/2024,8,329,15:42,2,No LFS Catch,0,San Pablo Bay
2024,6/25/2024,8,329,15:57,3,No LFS Catch,0,San Pablo Bay
2024,6/26/2024,8,345,11:11,1,No LFS Catch,0,Napa River
2024,6/26/2024,8,345,11:28,2,No LFS Catch,0,Napa River
2024,6/26/2024,8,345,11:44,3,No LFS Catch,0,Napa River
2024,7/9/2024,9,346,12:44,1,No LFS Catch,0,Napa River
2024,7/9/2024,9,346,12:59,2,No LFS Catch,0,Napa River
2024,7/9/2024,9,346,13:13,3,No LFS Catch,0,Napa River
2024,7/9/2024,9,343,9:42,1,No LFS Catch,0,Napa River
2024,7/9/2024,9,343,9:56,2,No LFS Catch,0,Napa River
2024,7/9/2024,9,343,10:09,3,No LFS Catch,0,Napa River
2024,7/9/2024,9,345,11:52,1,No LFS Catch,0,Napa River
2024,7/9/2024,9,345,12:07,2,No LFS Catch,0,Napa River
2024,7/9/2024,9,345,12:20,3,No LFS Catch,0,Napa River
2024,7/9/2024,9,344,10:43,1,No LFS Catch,0,Napa River
2024,7/9/2024,9,344,10:58,2,No LFS Catch,0,Napa River
2024,7/9/2024,9,344,11:13,3,No LFS Catch,0,Napa River
